"family","genus","type"
"Aerosakkonemataceae","Microseira","Cyanobacteria"
"Capsosiraceae","Capsosira","Cyanobacteria"
"Coleofasciculaceae","Moorea","Cyanobacteria"
"Geitleriaceae","Geitleria","Cyanobacteria"
"Girvanellaceae","Mitcheldeania","Cyanobacteria"
"Girvanellaceae","Ottonosia","Cyanobacteria"
"Girvanellaceae","Stromatocerium","Cyanobacteria"
"Microcoleaceae","Affixifilum","Cyanobacteria"
"Microcoleaceae","Leibleinia","Cyanobacteria"
"Microcoleaceae","Neolyngbya","Cyanobacteria"
"Microcoleaceae","Symplocastrum","Cyanobacteria"
"Nostocaceae","Aetokthonos","Cyanobacteria"
"Nostocaceae","Anabaina","Cyanobacteria"
"Nostocaceae","Hormothamnion","Cyanobacteria"
"Nostocaceae","Hormothamnium","Cyanobacteria"
"Nostocaceae","Komarekiella","Cyanobacteria"
"Rivulariaceae","Amphithrix","Cyanobacteria"
"Rivulariaceae","Phyllonema","Cyanobacteria"
"Stigonemataceae","Sirosiphon","Cyanobacteria"
"Trichocoleusaceae","Dasygloea","Cyanobacteria"
"Trichocoleusaceae","Sirocoleum","Cyanobacteria"
"Trichocoleusaceae","Trichocoleus","Cyanobacteria"
"Merismopediaceae","Aphanocapsa","Cyanobacteria"
"Microcystaceae","Gloeocapsa","Cyanobacteria"
"Aphanizomenonaceae","Anabaenopsis","Cyanobacteria"
"Aphanizomenonaceae","Aphanizomenon","Cyanobacteria"
"Aphanizomenonaceae","Chrysosporum","Cyanobacteria"
"Aphanizomenonaceae","Cuspidothrix","Cyanobacteria"
"Aphanizomenonaceae","Cylindrospermopsis","Cyanobacteria"
"Aphanizomenonaceae","Dolichospermum","Cyanobacteria"
"Aphanizomenonaceae","Hydrocoryne","Cyanobacteria"
"Aphanizomenonaceae","Nodularia","Cyanobacteria"
"Aphanizomenonaceae","Raphidiopsis","Cyanobacteria"
"Chlorogloeopsidaceae","Chlorogloeopsis","Cyanobacteria"
"Hapalosiphonaceae","Fischerella","Cyanobacteria"
"Hapalosiphonaceae","Hapalosiphon","Cyanobacteria"
"Hapalosiphonaceae","Mastigocladus","Cyanobacteria"
"Hapalosiphonaceae","Mastigocoleus","Cyanobacteria"
"Hapalosiphonaceae","Nostochopsis","Cyanobacteria"
"Microchaetaceae","Fortiea","Cyanobacteria"
"Microchaetaceae","Hassallia","Cyanobacteria"
"Microchaetaceae","Microchaete","Cyanobacteria"
"Nostocaceae","Anabaena","Cyanobacteria"
"Nostocaceae","Aulosira","Cyanobacteria"
"Nostocaceae","Cylindrospermum","Cyanobacteria"
"Nostocaceae","Nostoc","Cyanobacteria"
"Nostocaceae","Trichormus","Cyanobacteria"
"Nostocaceae","Wollea","Cyanobacteria"
"Rivulariaceae","Calothrix","Cyanobacteria"
"Rivulariaceae","Dichothrix","Cyanobacteria"
"Rivulariaceae","Gardnerula","Cyanobacteria"
"Rivulariaceae","Gloeotrichia","Cyanobacteria"
"Rivulariaceae","Isactis","Cyanobacteria"
"Rivulariaceae","Richelia","Cyanobacteria"
"Rivulariaceae","Rivularia","Cyanobacteria"
"Rivulariaceae","Sacconema","Cyanobacteria"
"Scytonemataceae","Brasilonema","Cyanobacteria"
"Scytonemataceae","Iningainema","Cyanobacteria"
"Scytonemataceae","Kyrtuthrix","Cyanobacteria"
"Scytonemataceae","Petalonema","Cyanobacteria"
"Scytonemataceae","Scytonema","Cyanobacteria"
"Scytonemataceae","Scytonematopsis","Cyanobacteria"
"Stigonemataceae","Stigonema","Cyanobacteria"
"Symphyonemataceae","Brachytrichia","Cyanobacteria"
"Tolypothrichaceae","Coleodesmium","Cyanobacteria"
"Tolypothrichaceae","Tolypothrix","Cyanobacteria"
"Borziaceae","Borzia","Cyanobacteria"
"Coleofasciculaceae","Symploca","Cyanobacteria"
"Homoeotrichaceae","Homoeothrix","Cyanobacteria"
"Microcoleaceae","Capilliphycus","Cyanobacteria"
"Microcoleaceae","Kamptonema","Cyanobacteria"
"Microcoleaceae","Limnospira","Cyanobacteria"
"Microcoleaceae","Microcoleus","Cyanobacteria"
"Microcoleaceae","Tychonema","Cyanobacteria"
"Oscillatoriaceae","Blennothrix","Cyanobacteria"
"Oscillatoriaceae","Havrella","Cyanobacteria"
"Oscillatoriaceae","Limnoraphis","Cyanobacteria"
"Oscillatoriaceae","Lyngbya","Cyanobacteria"
"Oscillatoriaceae","Oscillatoria","Cyanobacteria"
"Oscillatoriaceae","Phormidium","Cyanobacteria"
"Oscillatoriaceae","Plectonema","Cyanobacteria"
"Phormidiaceae","Arthrospira","Cyanobacteria"
"Phormidiaceae","Hydrocoleum","Cyanobacteria"
"Phormidiaceae","Planktothrix","Cyanobacteria"
"Phormidiaceae","Porphyrosiphon","Cyanobacteria"
"Phormidiaceae","Pseudophormidium","Cyanobacteria"
"Phormidiaceae","Trichodesmium","Cyanobacteria"
"Pseudanabaenaceae","Geitlerinema","Cyanobacteria"
"Pseudanabaenaceae","Heteroleibleinia","Cyanobacteria"
"Pseudanabaenaceae","Jaaginema","Cyanobacteria"
"Pseudanabaenaceae","Pseudanabaena","Cyanobacteria"
"Schizotrichaceae","Schizothrix","Cyanobacteria"
"Spirulinaceae","Spirulina","Cyanobacteria"
"Leptolyngbyaceae","Leptolyngbya","Cyanobacteria"
"Leptolyngbyaceae","Planktolyngbya","Cyanobacteria"
"Leptolyngbyaceae","Tapinothrix","Cyanobacteria"
"Uronemataceae","Uronema","green algae"
"Aphanopsidaceae","Steinia","lichen"
"Graphidaceae","Fissurina","lichen"
"Boldiaceae","Boldia","red algae"
"Asterocladaceae","Asterocladon","brown algae"
"Chordaceae","Chorda","brown algae"
"Arthrocladiaceae","Arthrocladia","brown algae"
"Desmarestiaceae","Desmarestia","brown algae"
"Dictyotaceae","Canistrocarpus","brown algae"
"Dictyotaceae","Chlanidophora","brown algae"
"Dictyotaceae","Dictyopteris","brown algae"
"Dictyotaceae","Dictyota","brown algae"
"Dictyotaceae","Distromium","brown algae"
"Dictyotaceae","Lobophora","brown algae"
"Dictyotaceae","Newhousia","brown algae"
"Dictyotaceae","Pachydictyon","brown algae"
"Dictyotaceae","Padina","brown algae"
"Dictyotaceae","Rugulopteryx","brown algae"
"Dictyotaceae","Spatoglossum","brown algae"
"Dictyotaceae","Stypopodium","brown algae"
"Dictyotaceae","Taonia","brown algae"
"Dictyotaceae","Zonaria","brown algae"
"Choristocarpaceae","Choristocarpus","brown algae"
"Discosporangiaceae","Discosporangium","brown algae"
"Acinetosporaceae","Acinetospora","brown algae"
"Acinetosporaceae","Feldmannia","brown algae"
"Acinetosporaceae","Geminocarpus","brown algae"
"Acinetosporaceae","Giffordia","brown algae"
"Acinetosporaceae","Herponema","brown algae"
"Acinetosporaceae","Hincksia","brown algae"
"Acinetosporaceae","Internoretia","brown algae"
"Acinetosporaceae","Pilayella","brown algae"
"Acinetosporaceae","Pogotrichum","brown algae"
"Acinetosporaceae","Pylaiella","brown algae"
"Adenocystaceae","Adenocystis","brown algae"
"Chordariaceae","Acrothrix","brown algae"
"Chordariaceae","Ascocyclus","brown algae"
"Chordariaceae","Asperococcus","brown algae"
"Chordariaceae","Botrytella","brown algae"
"Chordariaceae","Chilionema","brown algae"
"Chordariaceae","Chordaria","brown algae"
"Chordariaceae","Cladosiphon","brown algae"
"Chordariaceae","Coelocladia","brown algae"
"Chordariaceae","Coilodesme","brown algae"
"Chordariaceae","Cylindrocarpus","brown algae"
"Chordariaceae","Delamarea","brown algae"
"Chordariaceae","Dictyosiphon","brown algae"
"Chordariaceae","Elachista","brown algae"
"Chordariaceae","Entonema","brown algae"
"Chordariaceae","Eudesme","brown algae"
"Chordariaceae","Fosliea","brown algae"
"Chordariaceae","Halorhipis","brown algae"
"Chordariaceae","Halothrix","brown algae"
"Chordariaceae","Haplogloia","brown algae"
"Chordariaceae","Hecatonema","brown algae"
"Chordariaceae","Hummia","brown algae"
"Chordariaceae","Isthmoplea","brown algae"
"Chordariaceae","Kuetzingiella","brown algae"
"Chordariaceae","Laminariocolax","brown algae"
"Chordariaceae","Leathesia","brown algae"
"Chordariaceae","Leblondiella","brown algae"
"Chordariaceae","Leptonematella","brown algae"
"Chordariaceae","Levringia","brown algae"
"Chordariaceae","Litosiphon","brown algae"
"Chordariaceae","Mesogloia","brown algae"
"Chordariaceae","Microspongium","brown algae"
"Chordariaceae","Mikrosyphar","brown algae"
"Chordariaceae","Myriactula","brown algae"
"Chordariaceae","Myriocladia","brown algae"
"Chordariaceae","Myrionema","brown algae"
"Chordariaceae","Myriotrichia","brown algae"
"Chordariaceae","Nemacystus","brown algae"
"Chordariaceae","Omphalophyllum","brown algae"
"Chordariaceae","Papenfussiella","brown algae"
"Chordariaceae","Phaeostroma","brown algae"
"Chordariaceae","Phycocelis","brown algae"
"Chordariaceae","Polycerea","brown algae"
"Chordariaceae","Protectocarpus","brown algae"
"Chordariaceae","Punctaria","brown algae"
"Chordariaceae","Rhadinocladia","brown algae"
"Chordariaceae","Saundersella","brown algae"
"Chordariaceae","Soranthera","brown algae"
"Chordariaceae","Sorocarpus","brown algae"
"Chordariaceae","Spermatochnus","brown algae"
"Chordariaceae","Sphaerotrichia","brown algae"
"Chordariaceae","Stictyosiphon","brown algae"
"Chordariaceae","Stilophora","brown algae"
"Chordariaceae","Streblonema","brown algae"
"Chordariaceae","Striaria","brown algae"
"Chordariaceae","Tinocladia","brown algae"
"Chordariaceae","Ulonema","brown algae"
"Ectocarpaceae","Ectocarpus","brown algae"
"Ectocarpaceae","Kuckuckia","brown algae"
"Ectocarpaceae","Pleurocladia","brown algae"
"Ectocarpaceae","Spongonema","brown algae"
"Petrospongiaceae","Petrospongium","brown algae"
"Scytosiphonaceae","Chnoospora","brown algae"
"Scytosiphonaceae","Colpomenia","brown algae"
"Scytosiphonaceae","Dactylosiphon","brown algae"
"Scytosiphonaceae","Hapterophycus","brown algae"
"Scytosiphonaceae","Hydroclathrus","brown algae"
"Scytosiphonaceae","Melanosiphon","brown algae"
"Scytosiphonaceae","Petalonia","brown algae"
"Scytosiphonaceae","Planosiphon","brown algae"
"Scytosiphonaceae","Pseudochnoospora","brown algae"
"Scytosiphonaceae","Rosenvingea","brown algae"
"Scytosiphonaceae","Scytosiphon","brown algae"
"Scytosiphonaceae","Stragularia","brown algae"
"Fucaceae","Ascophyllum","brown algae"
"Fucaceae","Fucus","brown algae"
"Fucaceae","Hesperophycus","brown algae"
"Fucaceae","Pelvetia","brown algae"
"Fucaceae","Pelvetiopsis","brown algae"
"Himanthaliaceae","Himanthalia","brown algae"
"Notheiaceae","Notheia","brown algae"
"Sargassaceae","Cystophora","brown algae"
"Sargassaceae","Cystoseira","brown algae"
"Sargassaceae","Ericaria","brown algae"
"Sargassaceae","Gongolaria","brown algae"
"Sargassaceae","Halidrys","brown algae"
"Sargassaceae","Paleocystophora","brown algae"
"Sargassaceae","Paleohalidrys","brown algae"
"Sargassaceae","Phyllotricha","brown algae"
"Sargassaceae","Polycladia","brown algae"
"Sargassaceae","Sargassum","brown algae"
"Sargassaceae","Scaberia","brown algae"
"Sargassaceae","Stephanocystis","brown algae"
"Sargassaceae","Turbinaria","brown algae"
"Xiphophoraceae","Xiphophora","brown algae"
"Ishigeaceae","Ishige","brown algae"
"Petrodermataceae","Petroderma","brown algae"
"Piliniaceae","Pilinia","brown algae"
"Agaraceae","Agarum","brown algae"
"Agaraceae","Costaria","brown algae"
"Agaraceae","Dictyoneurum","brown algae"
"Alariaceae","Alaria","brown algae"
"Alariaceae","Lessoniopsis","brown algae"
"Alariaceae","Pleurophycus","brown algae"
"Alariaceae","Pterygophora","brown algae"
"Alariaceae","Undaria","brown algae"
"Costariaceae","Dictyoneuropsis","brown algae"
"Laminariaceae","Cymathaere","brown algae"
"Laminariaceae","Cymathere","brown algae"
"Laminariaceae","Hedophyllum","brown algae"
"Laminariaceae","Laminaria","brown algae"
"Laminariaceae","Macrocystis","brown algae"
"Laminariaceae","Nereocystis","brown algae"
"Laminariaceae","Pelagophycus","brown algae"
"Laminariaceae","Postelsia","brown algae"
"Laminariaceae","Saccharina","brown algae"
"Laminariaceae","Thalassiphyllum","brown algae"
"Lessoniaceae","Ecklonia","brown algae"
"Lessoniaceae","Egregia","brown algae"
"Lessoniaceae","Eisenia","brown algae"
"Lessoniaceae","Julescraneia","brown algae"
"Lessoniaceae","Lessonia","brown algae"
"Nemodermataceae","Nemoderma","brown algae"
"Onslowiaceae","Onslowia","brown algae"
"Hapalospongidiaceae","Hapalospongidion","brown algae"
"Neoralfsiaceae","Neoralfsia","brown algae"
"Pseudoralfsiaceae","Pseudoralfsia","brown algae"
"Ralfsiaceae","Analipus","brown algae"
"Ralfsiaceae","Endoplura","brown algae"
"Ralfsiaceae","Ralfsia","brown algae"
"Scytosiphonaceae","Compsonema","brown algae"
"Scytosiphonaceae","Diplura","brown algae"
"Scytosiphonaceae","Sorapion","brown algae"
"Scytosiphonaceae","Symphyocarpus","brown algae"
"Asteronemataceae","Asteronema","brown algae"
"Bachelotiaceae","Bachelotia","brown algae"
"Splachnidiaceae","Splachnidium","brown algae"
"Cladostephaceae","Cladostephus","brown algae"
"Lithodermataceae","Heribaudiella","brown algae"
"Lithodermataceae","Pseudolithoderma","brown algae"
"Phaeostrophiaceae","Phaeostrophion","brown algae"
"Sphacelariaceae","Battersia","brown algae"
"Sphacelariaceae","Chaetopteris","brown algae"
"Sphacelariaceae","Sphacelaria","brown algae"
"Sphacelariaceae","Sphacelorbus","brown algae"
"Sphacelodermaceae","Sphaceloderma","brown algae"
"Stypocaulaceae","Halopteris","brown algae"
"Stypocaulaceae","Protohalopteris","brown algae"
"Sporochnaceae","Carpomitra","brown algae"
"Sporochnaceae","Nereia","brown algae"
"Sporochnaceae","Sporochnus","brown algae"
"Halosiphonaceae","Halosiphon","brown algae"
"Syringodermataceae","Syringoderma","brown algae"
"Cutleriaceae","Cutleria","brown algae"
"Phyllariaceae","Phyllariopsis","brown algae"
"Phyllariaceae","Saccorhiza","brown algae"
"Tilopteridaceae","Haplospora","brown algae"
"Tilopteridaceae","Tilopteris","brown algae"
"Botrydiaceae","Asterosiphon","yellow-green algae"
"Botrydiaceae","Botrydium","yellow-green algae"
"Pleurochloridaceae","Isthmochloron","yellow-green algae"
"Vaucheriaceae","Vaucheria","yellow-green algae"
"Harpidiaceae","Euopsis","lichen"
"Harpidiaceae","Harpidium","lichen"
"Strangosporaceae","Strangospora","lichen"
"Andreiomycetaceae","Andreiomyces","lichen"
"Arthoniaceae","Arthonia","lichen"
"Arthoniaceae","Arthothelium","lichen"
"Arthoniaceae","Briancoppinsia","lichen"
"Arthoniaceae","Bryostigma","lichen"
"Arthoniaceae","Coniangium","lichen"
"Arthoniaceae","Coniarthonia","lichen"
"Arthoniaceae","Coniocarpon","lichen"
"Arthoniaceae","Cryptothecia","lichen"
"Arthoniaceae","Dermatina","lichen"
"Arthoniaceae","Diarthonis","lichen"
"Arthoniaceae","Eremothecella","lichen"
"Arthoniaceae","Felipes","lichen"
"Arthoniaceae","Herpothallon","lichen"
"Arthoniaceae","Inoderma","lichen"
"Arthoniaceae","Leprantha","lichen"
"Arthoniaceae","Myriostigma","lichen"
"Arthoniaceae","Naevia","lichen"
"Arthoniaceae","Pachnolepia","lichen"
"Arthoniaceae","Reichlingia","lichen"
"Arthoniaceae","Sporodophoron","lichen"
"Arthoniaceae","Sporostigma","lichen"
"Arthoniaceae","Stirtonia","lichen"
"Arthoniaceae","Synarthonia","lichen"
"Arthoniaceae","Tylophoron","lichen"
"Chrysotrichaceae","Byssocaulon","lichen"
"Chrysotrichaceae","Chrysothrix","lichen"
"Chrysotrichaceae","Melarthonis","lichen"
"Lecanographaceae","Alyxoria","lichen"
"Lecanographaceae","Heterocyphelium","lichen"
"Lecanographaceae","Lecanographa","lichen"
"Lecanographaceae","Phacographa","lichen"
"Lecanographaceae","Plectocarpon","lichen"
"Lecanographaceae","Zwackhia","lichen"
"Opegraphaceae","Cresponea","lichen"
"Opegraphaceae","Dictyographa","lichen"
"Opegraphaceae","Fouragea","lichen"
"Opegraphaceae","Llimonaea","lichen"
"Opegraphaceae","Nyungwea","lichen"
"Opegraphaceae","Opegrapha","lichen"
"Opegraphaceae","Paraschismatomma","lichen"
"Opegraphaceae","Pentagenella","lichen"
"Opegraphaceae","Schizopelte","lichen"
"Opegraphaceae","Sclerophyton","lichen"
"Opegraphaceae","Sparria","lichen"
"Roccellaceae","Ancistrosporella","lichen"
"Roccellaceae","Bactrospora","lichen"
"Roccellaceae","Chiodecton","lichen"
"Roccellaceae","Combea","lichen"
"Roccellaceae","Dendrographa","lichen"
"Roccellaceae","Dichosporidium","lichen"
"Roccellaceae","Dirina","lichen"
"Roccellaceae","Enterographa","lichen"
"Roccellaceae","Gyrographa","lichen"
"Roccellaceae","Hubbsia","lichen"
"Roccellaceae","Lecanactis","lichen"
"Roccellaceae","Leciographa","lichen"
"Roccellaceae","Mazosia","lichen"
"Roccellaceae","Ocellomma","lichen"
"Roccellaceae","Paralecanographa","lichen"
"Roccellaceae","Perigrapha","lichen"
"Roccellaceae","Phoebus","lichen"
"Roccellaceae","Pseudoschismatomma","lichen"
"Roccellaceae","Psoronactis","lichen"
"Roccellaceae","Roccella","lichen"
"Roccellaceae","Roccellina","lichen"
"Roccellaceae","Roccellographa","lichen"
"Roccellaceae","Schismatomma","lichen"
"Roccellaceae","Sigridea","lichen"
"Roccellaceae","Simonyella","lichen"
"Roccellaceae","Sipmania","lichen"
"Roccellaceae","Syncesia","lichen"
"Roccellaceae","Vigneronia","lichen"
"Roccellographaceae","Dimidiographa","lichen"
"Roccellographaceae","Fulvophyton","lichen"
"Candelariaceae","Candelinella","lichen"
"Candelariaceae","Opeltiella","lichen"
"Candelariaceae","Protocandelariella","lichen"
"Pyrenidiaceae","Pyrenidium","lichen"
"Monoblastiaceae","Acrocordia","lichen"
"Monoblastiaceae","Anisomeridium","lichen"
"Monoblastiaceae","Ditremis","lichen"
"Monoblastiaceae","Microthelia","lichen"
"Monoblastiaceae","Monoblastia","lichen"
"Strigulaceae","Dichoporis","lichen"
"Strigulaceae","Flavobathelium","lichen"
"Strigulaceae","Oletheriostrigula","lichen"
"Strigulaceae","Phyllobathelium","lichen"
"Strigulaceae","Phyllocharis","lichen"
"Strigulaceae","Phylloporis","lichen"
"Strigulaceae","Puiggariella","lichen"
"Strigulaceae","Racoplaca","lichen"
"Strigulaceae","Strigula","lichen"
"Strigulaceae","Swinscowia","lichen"
"Trypetheliaceae","Architrypethelium","lichen"
"Trypetheliaceae","Astrothelium","lichen"
"Trypetheliaceae","Bathelium","lichen"
"Trypetheliaceae","Bogoriella","lichen"
"Trypetheliaceae","Constrictolumina","lichen"
"Trypetheliaceae","Dictyomeridium","lichen"
"Trypetheliaceae","Macroconstrictolumina","lichen"
"Trypetheliaceae","Megalotremis","lichen"
"Trypetheliaceae","Nigrovothelium","lichen"
"Trypetheliaceae","Polymeridium","lichen"
"Trypetheliaceae","Polypyrenula","lichen"
"Trypetheliaceae","Pseudobogoriella","lichen"
"Trypetheliaceae","Pseudopyrenula","lichen"
"Trypetheliaceae","Trypethelium","lichen"
"Trypetheliaceae","Viridothelium","lichen"
"Pyrenothricaceae","Pyrenothrix","lichen"
"Pyrenulaceae","Anthracothecium","lichen"
"Pyrenulaceae","Clypeopyrenis","lichen"
"Pyrenulaceae","Daruvedia","lichen"
"Pyrenulaceae","Distopyrenis","lichen"
"Pyrenulaceae","Granulopyrenis","lichen"
"Pyrenulaceae","Lithothelium","lichen"
"Pyrenulaceae","Parapyrenis","lichen"
"Pyrenulaceae","Pyrenographa","lichen"
"Pyrenulaceae","Pyrenowilmsia","lichen"
"Pyrenulaceae","Pyrenula","lichen"
"Pyrenulaceae","Pyrgillus","lichen"
"Pyrenulaceae","Sulcopyrenula","lichen"
"Verrucariaceae","Agonimia","lichen"
"Verrucariaceae","Atla","lichen"
"Verrucariaceae","Bagliettoa","lichen"
"Verrucariaceae","Bellemerella","lichen"
"Verrucariaceae","Botryolepraria","lichen"
"Verrucariaceae","Catapyrenium","lichen"
"Verrucariaceae","Clavascidium","lichen"
"Verrucariaceae","Dermatocarpon","lichen"
"Verrucariaceae","Endocarpon","lichen"
"Verrucariaceae","Flakea","lichen"
"Verrucariaceae","Haleomyces","lichen"
"Verrucariaceae","Henrica","lichen"
"Verrucariaceae","Heterocarpon","lichen"
"Verrucariaceae","Heteroplacidium","lichen"
"Verrucariaceae","Hydropunctaria","lichen"
"Verrucariaceae","Involucropyrenium","lichen"
"Verrucariaceae","Mastodia","lichen"
"Verrucariaceae","Melanotheca","lichen"
"Verrucariaceae","Merismatium","lichen"
"Verrucariaceae","Moriola","lichen"
"Verrucariaceae","Muellerella","lichen"
"Verrucariaceae","Neocatapyrenium","lichen"
"Verrucariaceae","Nesothele","lichen"
"Verrucariaceae","Normandina","lichen"
"Verrucariaceae","Parabagliettoa","lichen"
"Verrucariaceae","Parmentaria","lichen"
"Verrucariaceae","Phylloblastia","lichen"
"Verrucariaceae","Placidiopsis","lichen"
"Verrucariaceae","Placidium","lichen"
"Verrucariaceae","Placocarpus","lichen"
"Verrucariaceae","Placopyrenium","lichen"
"Verrucariaceae","Polyblastia","lichen"
"Verrucariaceae","Psoroglaena","lichen"
"Verrucariaceae","Sporodictyon","lichen"
"Verrucariaceae","Staurothele","lichen"
"Verrucariaceae","Thelidium","lichen"
"Verrucariaceae","Tichothecium","lichen"
"Verrucariaceae","Trimmatothele","lichen"
"Verrucariaceae","Turgidosculum","lichen"
"Verrucariaceae","Verrucaria","lichen"
"Verrucariaceae","Verrucula","lichen"
"Verrucariaceae","Verruculopsis","lichen"
"Verrucariaceae","Wahlenbergiella","lichen"
"Verrucariaceae","Willeya","lichen"
"Arthrorhaphidaceae","Arthrorhaphis","lichen"
"Acarosporaceae","Acarospora","lichen"
"Acarosporaceae","Caeruleum","lichen"
"Acarosporaceae","Glypholecia","lichen"
"Acarosporaceae","Myriospora","lichen"
"Acarosporaceae","Pleopsidium","lichen"
"Acarosporaceae","Polysporina","lichen"
"Acarosporaceae","Polysporinopsis","lichen"
"Acarosporaceae","Sarcogyne","lichen"
"Acarosporaceae","Silobia","lichen"
"Acarosporaceae","Timdalia","lichen"
"Acarosporaceae","Trimmatothelopsis","lichen"
"Arctomiaceae","Arctomia","lichen"
"Arctomiaceae","Gregorella","lichen"
"Baeomycetaceae","Ainoa","lichen"
"Baeomycetaceae","Anamylopsora","lichen"
"Baeomycetaceae","Baeomyces","lichen"
"Baeomycetaceae","Phyllobaeis","lichen"
"Trapeliaceae","Farkasiella","lichen"
"Trapeliaceae","Gallowayiopsis","lichen"
"Trapeliaceae","Kleopowiella","lichen"
"Trapeliaceae","Trapejamesia","lichen"
"Xylographaceae","Brianiopsis","lichen"
"Xylographaceae","Spiloma","lichen"
"Xylographaceae","Xyloelixia","lichen"
"Caliciaceae","Acolium","lichen"
"Caliciaceae","Acroscyphus","lichen"
"Caliciaceae","Allocalicium","lichen"
"Caliciaceae","Amandinea","lichen"
"Caliciaceae","Baculifera","lichen"
"Caliciaceae","Buellia","lichen"
"Caliciaceae","Calicium","lichen"
"Caliciaceae","Chrismofulvea","lichen"
"Caliciaceae","Ciposia","lichen"
"Caliciaceae","Cratiria","lichen"
"Caliciaceae","Dermiscellum","lichen"
"Caliciaceae","Dimelaena","lichen"
"Caliciaceae","Diploicia","lichen"
"Caliciaceae","Diplotomma","lichen"
"Caliciaceae","Dirinaria","lichen"
"Caliciaceae","Endohyalina","lichen"
"Caliciaceae","Gassicurtia","lichen"
"Caliciaceae","Hafellia","lichen"
"Caliciaceae","Monerolechia","lichen"
"Caliciaceae","Orcularia","lichen"
"Caliciaceae","Pseudothelomma","lichen"
"Caliciaceae","Pyxine","lichen"
"Caliciaceae","Sculptolumina","lichen"
"Caliciaceae","Stigmatochroma","lichen"
"Caliciaceae","Tetramelas","lichen"
"Caliciaceae","Texosporium","lichen"
"Caliciaceae","Thelomma","lichen"
"Caliciaceae","Tholurna","lichen"
"Physciaceae","Anaptychia","lichen"
"Physciaceae","Culbersonia","lichen"
"Physciaceae","Helmutiopsis","lichen"
"Physciaceae","Heterodermia","lichen"
"Physciaceae","Huriopsis","lichen"
"Physciaceae","Hyperphyscia","lichen"
"Physciaceae","Johnsheardia","lichen"
"Physciaceae","Kashiwadia","lichen"
"Physciaceae","Klauskalbia","lichen"
"Physciaceae","Kudratovia","lichen"
"Physciaceae","Kurokawia","lichen"
"Physciaceae","Leucodermia","lichen"
"Physciaceae","Mischoblastia","lichen"
"Physciaceae","Mobergia","lichen"
"Physciaceae","Oxnerella","lichen"
"Physciaceae","Phaeophyscia","lichen"
"Physciaceae","Phaeorrhiza","lichen"
"Physciaceae","Physcia","lichen"
"Physciaceae","Physciella","lichen"
"Physciaceae","Physconia","lichen"
"Physciaceae","Poeltonia","lichen"
"Physciaceae","Polyblastidium","lichen"
"Physciaceae","Rinodina","lichen"
"Physciaceae","Tornabea","lichen"
"Gyalectaceae","Belonia","lichen"
"Gyalectaceae","Pachyphiale","lichen"
"Hymeneliaceae","Eiglera","lichen"
"Hymeneliaceae","Hymenelia","lichen"
"Hymeneliaceae","Ionaspis","lichen"
"Hymeneliaceae","Tremolecia","lichen"
"Biatorellaceae","Biatorella","lichen"
"Biatorellaceae","Piccolia","lichen"
"Byssolomataceae","Barubria","lichen"
"Byssolomataceae","Bryogomphus","lichen"
"Byssolomataceae","Ceratopycnidium","lichen"
"Byssolomataceae","Leimonis","lichen"
"Byssolomataceae","Logilvia","lichen"
"Byssolomataceae","Septotrapelia","lichen"
"Byssolomataceae","Szczawinskia","lichen"
"Byssolomataceae","Tapellariopsis","lichen"
"Carbonicolaceae","Carbonicola","lichen"
"Catillariaceae","Catillaria","lichen"
"Catillariaceae","Solenopsora","lichen"
"Catillariaceae","Xanthopsorella","lichen"
"Cladoniaceae","Cetradonia","lichen"
"Cladoniaceae","Cladia","lichen"
"Cladoniaceae","Cladonia","lichen"
"Cladoniaceae","Gymnoderma","lichen"
"Cladoniaceae","Pilophorus","lichen"
"Cladoniaceae","Pycnothelia","lichen"
"Cladoniaceae","Rexiella","lichen"
"Dactylosporaceae","Dactylospora","lichen"
"Gypsoplacaceae","Gypsoplaca","lichen"
"Haematommataceae","Haematomma","lichen"
"Lecanoraceae","Ameliella","lichen"
"Lecanoraceae","Bryodina","lichen"
"Lecanoraceae","Bryonora","lichen"
"Lecanoraceae","Carbonea","lichen"
"Lecanoraceae","Cladidium","lichen"
"Lecanoraceae","Claurouxia","lichen"
"Lecanoraceae","Clauzadeana","lichen"
"Lecanoraceae","Diomedella","lichen"
"Lecanoraceae","Edrudia","lichen"
"Lecanoraceae","Glaucomaria","lichen"
"Lecanoraceae","Japewiella","lichen"
"Lecanoraceae","Lecanora","lichen"
"Lecanoraceae","Lecanoropsis","lichen"
"Lecanoraceae","Lecidella","lichen"
"Lecanoraceae","Miriquidica","lichen"
"Lecanoraceae","Myriolecis","lichen"
"Lecanoraceae","Myrionora","lichen"
"Lecanoraceae","Omphalodina","lichen"
"Lecanoraceae","Palicella","lichen"
"Lecanoraceae","Polyozosia","lichen"
"Lecanoraceae","Protoparmeliopsis","lichen"
"Lecanoraceae","Psorinia","lichen"
"Lecanoraceae","Pulvinora","lichen"
"Lecanoraceae","Pyrrhospora","lichen"
"Lecanoraceae","Rhizoplaca","lichen"
"Lecanoraceae","Sedelnikovaea","lichen"
"Lecanoraceae","Straminella","lichen"
"Lecanoraceae","Traponora","lichen"
"Lecanoraceae","Tylothallia","lichen"
"Lecanoraceae","Vainionora","lichen"
"Malmideaceae","Cheiromycina","lichen"
"Malmideaceae","Malmidea","lichen"
"Parmeliaceae","Ahtiana","lichen"
"Parmeliaceae","Alectoria","lichen"
"Parmeliaceae","Allantoparmelia","lichen"
"Parmeliaceae","Allocetraria","lichen"
"Parmeliaceae","Anzia","lichen"
"Parmeliaceae","Anzina","lichen"
"Parmeliaceae","Arctocetraria","lichen"
"Parmeliaceae","Arctoparmelia","lichen"
"Parmeliaceae","Asahinea","lichen"
"Parmeliaceae","Austroparmelina","lichen"
"Parmeliaceae","Brodoa","lichen"
"Parmeliaceae","Bryocaulon","lichen"
"Parmeliaceae","Bryoria","lichen"
"Parmeliaceae","Bulbothrix","lichen"
"Parmeliaceae","Canoparmelia","lichen"
"Parmeliaceae","Cetraria","lichen"
"Parmeliaceae","Cetrariella","lichen"
"Parmeliaceae","Cetrelia","lichen"
"Parmeliaceae","Cornicularia","lichen"
"Parmeliaceae","Crespoa","lichen"
"Parmeliaceae","Dactylina","lichen"
"Parmeliaceae","Dolichousnea","lichen"
"Parmeliaceae","Esslingeriana","lichen"
"Parmeliaceae","Eumitria","lichen"
"Parmeliaceae","Evernia","lichen"
"Parmeliaceae","Everniopsis","lichen"
"Parmeliaceae","Flavoparmelia","lichen"
"Parmeliaceae","Flavopunctelia","lichen"
"Parmeliaceae","Gowardia","lichen"
"Parmeliaceae","Hypogymnia","lichen"
"Parmeliaceae","Hypotrachyna","lichen"
"Parmeliaceae","Imshaugia","lichen"
"Parmeliaceae","Letharia","lichen"
"Parmeliaceae","Lethariella","lichen"
"Parmeliaceae","Melanelia","lichen"
"Parmeliaceae","Melanelixia","lichen"
"Parmeliaceae","Melanohalea","lichen"
"Parmeliaceae","Menegazzia","lichen"
"Parmeliaceae","Montanelia","lichen"
"Parmeliaceae","Myelochroa","lichen"
"Parmeliaceae","Neoprotoparmelia","lichen"
"Parmeliaceae","Nephromopsis","lichen"
"Parmeliaceae","Nesolechia","lichen"
"Parmeliaceae","Neuropogon","lichen"
"Parmeliaceae","Nodobryoria","lichen"
"Parmeliaceae","Notoparmelia","lichen"
"Parmeliaceae","Omphalora","lichen"
"Parmeliaceae","Oropogon","lichen"
"Parmeliaceae","Pannoparmelia","lichen"
"Parmeliaceae","Parmelia","lichen"
"Parmeliaceae","Parmelina","lichen"
"Parmeliaceae","Parmelinella","lichen"
"Parmeliaceae","Parmelinopsis","lichen"
"Parmeliaceae","Parmeliopsis","lichen"
"Parmeliaceae","Parmotrema","lichen"
"Parmeliaceae","Parmotremopsis","lichen"
"Parmeliaceae","Phacopsis","lichen"
"Parmeliaceae","Platismatia","lichen"
"Parmeliaceae","Platysma","lichen"
"Parmeliaceae","Pleurosticta","lichen"
"Parmeliaceae","Protoparmelia","lichen"
"Parmeliaceae","Protousnea","lichen"
"Parmeliaceae","Pseudephebe","lichen"
"Parmeliaceae","Pseudevernia","lichen"
"Parmeliaceae","Pseudoparmelia","lichen"
"Parmeliaceae","Punctelia","lichen"
"Parmeliaceae","Relicina","lichen"
"Parmeliaceae","Remototrachyna","lichen"
"Parmeliaceae","Rimelia","lichen"
"Parmeliaceae","Sulcaria","lichen"
"Parmeliaceae","Tuckermannopsis","lichen"
"Parmeliaceae","Tuckermanopsis","lichen"
"Parmeliaceae","Usnea","lichen"
"Parmeliaceae","Usnocetraria","lichen"
"Parmeliaceae","Vulpicida","lichen"
"Parmeliaceae","Xanthoparmelia","lichen"
"Pilocarpaceae","Aquacidia","lichen"
"Pilocarpaceae","Bapalmuia","lichen"
"Pilocarpaceae","Byssolecania","lichen"
"Pilocarpaceae","Byssoloma","lichen"
"Pilocarpaceae","Calopadia","lichen"
"Pilocarpaceae","Chlorocyphella","lichen"
"Pilocarpaceae","Eugeniella","lichen"
"Pilocarpaceae","Fellhanera","lichen"
"Pilocarpaceae","Fellhaneropsis","lichen"
"Pilocarpaceae","Helocarpon","lichen"
"Pilocarpaceae","Lasioloma","lichen"
"Pilocarpaceae","Loflammea","lichen"
"Pilocarpaceae","Micarea","lichen"
"Pilocarpaceae","Pyrenotrichum","lichen"
"Pilocarpaceae","Sporopodium","lichen"
"Pilocarpaceae","Tapellaria","lichen"
"Psilolechiaceae","Psilolechia","lichen"
"Psoraceae","Brianaria","lichen"
"Psoraceae","Protoblastenia","lichen"
"Psoraceae","Protomicarea","lichen"
"Psoraceae","Psora","lichen"
"Psoraceae","Psorula","lichen"
"Ramalinaceae","Adelolecia","lichen"
"Ramalinaceae","Auriculora","lichen"
"Ramalinaceae","Bacidia","lichen"
"Ramalinaceae","Bacidina","lichen"
"Ramalinaceae","Bacidiopsora","lichen"
"Ramalinaceae","Badimia","lichen"
"Ramalinaceae","Bellicidia","lichen"
"Ramalinaceae","Biatora","lichen"
"Ramalinaceae","Bibbya","lichen"
"Ramalinaceae","Bilimbia","lichen"
"Ramalinaceae","Catillochroma","lichen"
"Ramalinaceae","Catinaria","lichen"
"Ramalinaceae","Cliostomum","lichen"
"Ramalinaceae","Coppinsidea","lichen"
"Ramalinaceae","Eschatogonia","lichen"
"Ramalinaceae","Frutidella","lichen"
"Ramalinaceae","Ivanpisutia","lichen"
"Ramalinaceae","Japewia","lichen"
"Ramalinaceae","Kiliasia","lichen"
"Ramalinaceae","Krogia","lichen"
"Ramalinaceae","Lecania","lichen"
"Ramalinaceae","Lithocalla","lichen"
"Ramalinaceae","Lopezaria","lichen"
"Ramalinaceae","Megalaria","lichen"
"Ramalinaceae","Niebla","lichen"
"Ramalinaceae","Parallopsora","lichen"
"Ramalinaceae","Phyllopsora","lichen"
"Ramalinaceae","Physcidia","lichen"
"Ramalinaceae","Ramalina","lichen"
"Ramalinaceae","Ramalinopsis","lichen"
"Ramalinaceae","Schadonia","lichen"
"Ramalinaceae","Scutula","lichen"
"Ramalinaceae","Sporacestra","lichen"
"Ramalinaceae","Squamacidia","lichen"
"Ramalinaceae","Thalloidima","lichen"
"Ramalinaceae","Toninia","lichen"
"Ramalinaceae","Toniniopsis","lichen"
"Ramalinaceae","Trichoramalina","lichen"
"Ramalinaceae","Vermilacinia","lichen"
"Ramalinaceae","Waynea","lichen"
"Ramalinaceae","Wolseleyidea","lichen"
"Ramboldiaceae","Ramboldia","lichen"
"Scoliciosporaceae","Scoliciosporum","lichen"
"Sphaerophoraceae","Bunodophoron","lichen"
"Sphaerophoraceae","Gilbertaria","lichen"
"Sphaerophoraceae","Leifidium","lichen"
"Sphaerophoraceae","Sphaerophorus","lichen"
"Squamarinaceae","Herteliana","lichen"
"Squamarinaceae","Squamarina","lichen"
"Stereocaulaceae","Hertelidea","lichen"
"Stereocaulaceae","Lepraria","lichen"
"Stereocaulaceae","Stereocaulon","lichen"
"Stereocaulaceae","Xyleborus","lichen"
"Tephromelataceae","Calvitimela","lichen"
"Tephromelataceae","Mycoblastus","lichen"
"Tephromelataceae","Tephromela","lichen"
"Tephromelataceae","Violella","lichen"
"Lecideaceae","Amygdalaria","lichen"
"Lecideaceae","Bellemerea","lichen"
"Lecideaceae","Bryobilimbia","lichen"
"Lecideaceae","Cecidonia","lichen"
"Lecideaceae","Clauzadea","lichen"
"Lecideaceae","Cyclohymenia","lichen"
"Lecideaceae","Farnoldia","lichen"
"Lecideaceae","Immersaria","lichen"
"Lecideaceae","Koerberiella","lichen"
"Lecideaceae","Lecaimmeria","lichen"
"Lecideaceae","Lecidea","lichen"
"Lecideaceae","Lecidoma","lichen"
"Lecideaceae","Melanolecia","lichen"
"Lecideaceae","Mycobilimbia","lichen"
"Lecideaceae","Pachyphysis","lichen"
"Lecideaceae","Porpidia","lichen"
"Lecideaceae","Porpidinia","lichen"
"Lecideaceae","Romjularia","lichen"
"Lecideaceae","Stenhammarella","lichen"
"Lopadiaceae","Lopadium","lichen"
"Leprocaulaceae","Halecania","lichen"
"Leprocaulaceae","Leprocaulon","lichen"
"Leprocaulaceae","Speerschneidera","lichen"
"Coenogoniaceae","Coenogonium","lichen"
"Gomphillaceae","Actinoplaca","lichen"
"Gomphillaceae","Aderkomyces","lichen"
"Gomphillaceae","Arthotheliopsis","lichen"
"Gomphillaceae","Asterothyrium","lichen"
"Gomphillaceae","Aulaxina","lichen"
"Gomphillaceae","Bullatina","lichen"
"Gomphillaceae","Calenia","lichen"
"Gomphillaceae","Corticifraga","lichen"
"Gomphillaceae","Echinoplaca","lichen"
"Gomphillaceae","Gomphillus","lichen"
"Gomphillaceae","Gyalectidium","lichen"
"Gomphillaceae","Gyalidea","lichen"
"Gomphillaceae","Gyalideopsis","lichen"
"Gomphillaceae","Hippocrepidea","lichen"
"Gomphillaceae","Jamesiella","lichen"
"Gomphillaceae","Lithogyalideopsis","lichen"
"Gomphillaceae","Paragyalideopsis","lichen"
"Gomphillaceae","Phyllogyalidea","lichen"
"Gomphillaceae","Rolueckia","lichen"
"Gomphillaceae","Rubrotricha","lichen"
"Gomphillaceae","Tricharia","lichen"
"Graphidaceae","Acanthothecis","lichen"
"Graphidaceae","Acanthotrema","lichen"
"Graphidaceae","Allographa","lichen"
"Graphidaceae","Ampliotrema","lichen"
"Graphidaceae","Anomomorpha","lichen"
"Graphidaceae","Asteristion","lichen"
"Graphidaceae","Astrochapsa","lichen"
"Graphidaceae","Carbacanthographis","lichen"
"Graphidaceae","Chapsa","lichen"
"Graphidaceae","Chroodiscus","lichen"
"Graphidaceae","Clandestinotrema","lichen"
"Graphidaceae","Creographa","lichen"
"Graphidaceae","Cruentotrema","lichen"
"Graphidaceae","Crutarndina","lichen"
"Graphidaceae","Diorygma","lichen"
"Graphidaceae","Diploschistella","lichen"
"Graphidaceae","Diploschistes","lichen"
"Graphidaceae","Dyplolabia","lichen"
"Graphidaceae","Enterostigma","lichen"
"Graphidaceae","Fibrillithecis","lichen"
"Graphidaceae","Flegographa","lichen"
"Graphidaceae","Glaucotrema","lichen"
"Graphidaceae","Glyphis","lichen"
"Graphidaceae","Graphina","lichen"
"Graphidaceae","Graphis","lichen"
"Graphidaceae","Heiomasia","lichen"
"Graphidaceae","Helminthocarpon","lichen"
"Graphidaceae","Hemithecium","lichen"
"Graphidaceae","Jocatoa","lichen"
"Graphidaceae","Leiorreuma","lichen"
"Graphidaceae","Leptotrema","lichen"
"Graphidaceae","Leucodecton","lichen"
"Graphidaceae","Medusulina","lichen"
"Graphidaceae","Melanotopelia","lichen"
"Graphidaceae","Myriotrema","lichen"
"Graphidaceae","Nadvornikia","lichen"
"Graphidaceae","Ocellularia","lichen"
"Graphidaceae","Pallidogramme","lichen"
"Graphidaceae","Phaeographina","lichen"
"Graphidaceae","Phaeographis","lichen"
"Graphidaceae","Phaeotrema","lichen"
"Graphidaceae","Platygramme","lichen"
"Graphidaceae","Platythecium","lichen"
"Graphidaceae","Pseudochapsa","lichen"
"Graphidaceae","Psorotheciopsis","lichen"
"Graphidaceae","Pycnotrema","lichen"
"Graphidaceae","Redingeria","lichen"
"Graphidaceae","Reimnitzia","lichen"
"Graphidaceae","Rhabdodiscus","lichen"
"Graphidaceae","Sanguinotrema","lichen"
"Graphidaceae","Sarcographa","lichen"
"Graphidaceae","Sarcographina","lichen"
"Graphidaceae","Schistophoron","lichen"
"Graphidaceae","Stegobolus","lichen"
"Graphidaceae","Thalloloma","lichen"
"Graphidaceae","Thecaria","lichen"
"Graphidaceae","Thecographa","lichen"
"Graphidaceae","Thelotrema","lichen"
"Graphidaceae","Tremotylium","lichen"
"Graphidaceae","Wirthiotrema","lichen"
"Graphidaceae","Xalocoa","lichen"
"Gyalectaceae","Cryptolechia","lichen"
"Gyalectaceae","Dimerella","lichen"
"Gyalectaceae","Gyalecta","lichen"
"Gyalectaceae","Neopetractis","lichen"
"Gyalectaceae","Ramonia","lichen"
"Myeloconidiaceae","Myeloconis","lichen"
"Odontotremataceae","Coccomycetella","lichen"
"Odontotremataceae","Odontotrema","lichen"
"Odontotremataceae","Potriphila","lichen"
"Odontotremataceae","Tryblis","lichen"
"Odontotremataceae","Xerotrema","lichen"
"Phlyctidaceae","Phlyctella","lichen"
"Phlyctidaceae","Phlyctidia","lichen"
"Phlyctidaceae","Phlyctis","lichen"
"Porinaceae","Clathroporina","lichen"
"Porinaceae","Porina","lichen"
"Porinaceae","Pseudosagedia","lichen"
"Porinaceae","Segestria","lichen"
"Porinaceae","Trichothelium","lichen"
"Protothelenellaceae","Protothelenella","lichen"
"Redonographaceae","Redonographa","lichen"
"Sagiolechiaceae","Rhexophiale","lichen"
"Sagiolechiaceae","Sagiolechia","lichen"
"Spirographaceae","Spirographa","lichen"
"Stictidaceae","Absconditella","lichen"
"Stictidaceae","Acarosporina","lichen"
"Stictidaceae","Agyriella","lichen"
"Stictidaceae","Biostictis","lichen"
"Stictidaceae","Carestiella","lichen"
"Stictidaceae","Cryptodiscus","lichen"
"Stictidaceae","Cyanodermella","lichen"
"Stictidaceae","Fitzroyomyces","lichen"
"Stictidaceae","Glomerobolus","lichen"
"Stictidaceae","Hormodochis","lichen"
"Stictidaceae","Ingvariella","lichen"
"Stictidaceae","Karstenia","lichen"
"Stictidaceae","Lillicoa","lichen"
"Stictidaceae","Nanostictis","lichen"
"Stictidaceae","Ostropa","lichen"
"Stictidaceae","Petractis","lichen"
"Stictidaceae","Robergea","lichen"
"Stictidaceae","Schizoxylon","lichen"
"Stictidaceae","Sphaeropezia","lichen"
"Stictidaceae","Stictis","lichen"
"Stictidaceae","Thelopsis","lichen"
"Stictidaceae","Topelia","lichen"
"Stictidaceae","Trinathotrema","lichen"
"Stictidaceae","Xyloschistes","lichen"
"Thelenellaceae","Aspidothelium","lichen"
"Thelenellaceae","Polyblastiopsis","lichen"
"Thelenellaceae","Thelenella","lichen"
"Thrombiaceae","Thrombium","lichen"
"Coccocarpiaceae","Coccocarpia","lichen"
"Coccocarpiaceae","Spilonema","lichen"
"Collemataceae","Blennothallia","lichen"
"Collemataceae","Callome","lichen"
"Collemataceae","Collema","lichen"
"Collemataceae","Enchylium","lichen"
"Collemataceae","Lathagrium","lichen"
"Collemataceae","Leptogium","lichen"
"Collemataceae","Pseudoleptogium","lichen"
"Collemataceae","Rostania","lichen"
"Collemataceae","Scytinium","lichen"
"Koerberiaceae","Henssenia","lichen"
"Koerberiaceae","Koerberia","lichen"
"Koerberiaceae","Steinera","lichen"
"Koerberiaceae","Tingiopsidium","lichen"
"Lobariaceae","Cyanisticta","lichen"
"Lobariaceae","Dendriscosticta","lichen"
"Lobariaceae","Emmanuelia","lichen"
"Lobariaceae","Lobaria","lichen"
"Lobariaceae","Lobariella","lichen"
"Lobariaceae","Lobarina","lichen"
"Lobariaceae","Podostictina","lichen"
"Lobariaceae","Pseudocyphellaria","lichen"
"Lobariaceae","Ricasolia","lichen"
"Lobariaceae","Sticta","lichen"
"Lobariaceae","Yarrumia","lichen"
"Lobariaceae","Yoshimuriella","lichen"
"Massalongiaceae","Leptochidium","lichen"
"Massalongiaceae","Massalongia","lichen"
"Massalongiaceae","Polychidium","lichen"
"Nephromataceae","Nephroma","lichen"
"Pannariaceae","Atrophysma","lichen"
"Pannariaceae","Degelia","lichen"
"Pannariaceae","Erioderma","lichen"
"Pannariaceae","Fuscopannaria","lichen"
"Pannariaceae","Leciophysma","lichen"
"Pannariaceae","Leioderma","lichen"
"Pannariaceae","Lepidocollema","lichen"
"Pannariaceae","Leptogidium","lichen"
"Pannariaceae","Pannaria","lichen"
"Pannariaceae","Parmeliella","lichen"
"Pannariaceae","Pectenia","lichen"
"Pannariaceae","Physma","lichen"
"Pannariaceae","Protopannaria","lichen"
"Pannariaceae","Psoroma","lichen"
"Pannariaceae","Psorophorus","lichen"
"Pannariaceae","Rockefellera","lichen"
"Pannariaceae","Santessoniella","lichen"
"Pannariaceae","Staurolemma","lichen"
"Pannariaceae","Steineropsis","lichen"
"Peltigeraceae","Peltigera","lichen"
"Peltigeraceae","Sinuicella","lichen"
"Peltigeraceae","Solorina","lichen"
"Placynthiaceae","Hertella","lichen"
"Placynthiaceae","Placynthium","lichen"
"Vahliellaceae","Vahliella","lichen"
"Agyriaceae","Agyrium","lichen"
"Coccotremataceae","Coccotrema","lichen"
"Coccotremataceae","Gyalectaria","lichen"
"Icmadophilaceae","Dibaeis","lichen"
"Icmadophilaceae","Icmadophila","lichen"
"Icmadophilaceae","Siphula","lichen"
"Icmadophilaceae","Thamnolia","lichen"
"Megasporaceae","Aspicilia","lichen"
"Megasporaceae","Aspiciliella","lichen"
"Megasporaceae","Circinaria","lichen"
"Megasporaceae","Lobothallia","lichen"
"Megasporaceae","Megaspora","lichen"
"Megasporaceae","Oxneriaria","lichen"
"Megasporaceae","Sagedia","lichen"
"Megasporaceae","Teuvoa","lichen"
"Microcaliciaceae","Microcalicium","lichen"
"Ochrolechiaceae","Ochrolechia","lichen"
"Ochrolechiaceae","Varicellaria","lichen"
"Pertusariaceae","Lepra","lichen"
"Pertusariaceae","Loxosporopsis","lichen"
"Pertusariaceae","Pertusaria","lichen"
"Pertusariaceae","Verseghya","lichen"
"Rhizocarpaceae","Catolechia","lichen"
"Rhizocarpaceae","Epilichen","lichen"
"Rhizocarpaceae","Rhizocarpon","lichen"
"Sporastatiaceae","Sporastatia","lichen"
"Sporastatiaceae","Toensbergia","lichen"
"Sarrameanaceae","Loxospora","lichen"
"Schaereriaceae","Schaereria","lichen"
"Brigantiaeaceae","Brigantiaea","lichen"
"Brigantiaeaceae","Letrouitia","lichen"
"Megalosporaceae","Bombyliospora","lichen"
"Megalosporaceae","Megaloblastenia","lichen"
"Megalosporaceae","Megalospora","lichen"
"Teloschistaceae","Amundsenia","lichen"
"Teloschistaceae","Apatoplaca","lichen"
"Teloschistaceae","Athallia","lichen"
"Teloschistaceae","Austroplaca","lichen"
"Teloschistaceae","Blastenia","lichen"
"Teloschistaceae","Bryoplaca","lichen"
"Teloschistaceae","Calogaya","lichen"
"Teloschistaceae","Caloplaca","lichen"
"Teloschistaceae","Cephalophysis","lichen"
"Teloschistaceae","Cerothallia","lichen"
"Teloschistaceae","Coppinsiella","lichen"
"Teloschistaceae","Erichansenia","lichen"
"Teloschistaceae","Flavoplaca","lichen"
"Teloschistaceae","Fulgensia","lichen"
"Teloschistaceae","Fulgogasparrea","lichen"
"Teloschistaceae","Gallowayella","lichen"
"Teloschistaceae","Gintarasiella","lichen"
"Teloschistaceae","Golubkovia","lichen"
"Teloschistaceae","Gyalolechia","lichen"
"Teloschistaceae","Huneckia","lichen"
"Teloschistaceae","Igneoplaca","lichen"
"Teloschistaceae","Kaernefia","lichen"
"Teloschistaceae","Kuettlingeria","lichen"
"Teloschistaceae","Lacrima","lichen"
"Teloschistaceae","Lazarenkoella","lichen"
"Teloschistaceae","Lazarenkoiopsis","lichen"
"Teloschistaceae","Lendemeriella","lichen"
"Teloschistaceae","Leproplaca","lichen"
"Teloschistaceae","Loekoesia","lichen"
"Teloschistaceae","Martinjahnsia","lichen"
"Teloschistaceae","Massjukiella","lichen"
"Teloschistaceae","Neobrownliella","lichen"
"Teloschistaceae","Niorma","lichen"
"Teloschistaceae","Obscuroplaca","lichen"
"Teloschistaceae","Olegblumia","lichen"
"Teloschistaceae","Opeltia","lichen"
"Teloschistaceae","Oxneria","lichen"
"Teloschistaceae","Oxneriopsis","lichen"
"Teloschistaceae","Pachypeltis","lichen"
"Teloschistaceae","Parvoplaca","lichen"
"Teloschistaceae","Pisutiella","lichen"
"Teloschistaceae","Polycauliona","lichen"
"Teloschistaceae","Pyrenodesmia","lichen"
"Teloschistaceae","Rufoplaca","lichen"
"Teloschistaceae","Rusavskia","lichen"
"Teloschistaceae","Sanguineodiscus","lichen"
"Teloschistaceae","Seawardiella","lichen"
"Teloschistaceae","Seirophora","lichen"
"Teloschistaceae","Solitaria","lichen"
"Teloschistaceae","Squamulea","lichen"
"Teloschistaceae","Sucioplaca","lichen"
"Teloschistaceae","Tassiloa","lichen"
"Teloschistaceae","Tayloriellina","lichen"
"Teloschistaceae","Teloschistes","lichen"
"Teloschistaceae","Teuvoahtiana","lichen"
"Teloschistaceae","Tomnashia","lichen"
"Teloschistaceae","Upretia","lichen"
"Teloschistaceae","Variospora","lichen"
"Teloschistaceae","Verrucoplaca","lichen"
"Teloschistaceae","Wetmoreana","lichen"
"Teloschistaceae","Xanthaptychia","lichen"
"Teloschistaceae","Xanthocarpia","lichen"
"Teloschistaceae","Xanthomendoza","lichen"
"Teloschistaceae","Xanthoria","lichen"
"Trapeliaceae","Lignoscripta","lichen"
"Trapeliaceae","Placopsis","lichen"
"Trapeliaceae","Placynthiella","lichen"
"Trapeliaceae","Rimularia","lichen"
"Trapeliaceae","Trapelia","lichen"
"Trapeliaceae","Trapeliopsis","lichen"
"Xylographaceae","Lambiella","lichen"
"Xylographaceae","Lithographa","lichen"
"Xylographaceae","Ptychographa","lichen"
"Xylographaceae","Xylographa","lichen"
"Elixiaceae","Elixia","lichen"
"Fuscideaceae","Albemarlea","lichen"
"Fuscideaceae","Fuscidea","lichen"
"Fuscideaceae","Lettauia","lichen"
"Fuscideaceae","Maronea","lichen"
"Fuscideaceae","Orphniospora","lichen"
"Ophioparmaceae","Hypocenomyce","lichen"
"Ophioparmaceae","Ophioparma","lichen"
"Ropalosporaceae","Ropalospora","lichen"
"Umbilicariaceae","Fulgidea","lichen"
"Umbilicariaceae","Lasallia","lichen"
"Umbilicariaceae","Umbilicaria","lichen"
"Umbilicariaceae","Umbillicaria","lichen"
"Umbilicariaceae","Xylopsora","lichen"
"Candelariaceae","Candelaria","lichen"
"Candelariaceae","Candelariella","lichen"
"Candelariaceae","Candelina","lichen"
"Candelariaceae","Placomaronea","lichen"
"Pycnoraceae","Pycnora","lichen"
"Coniocybaceae","Chaenotheca","lichen"
"Coniocybaceae","Coniocybe","lichen"
"Coniocybaceae","Sclerophora","lichen"
"Gloeoheppiaceae","Gloeoheppia","lichen"
"Gloeoheppiaceae","Pseudopeltula","lichen"
"Lichinaceae","Anema","lichen"
"Lichinaceae","Cryptothele","lichen"
"Lichinaceae","Digitothyrea","lichen"
"Lichinaceae","Ephebe","lichen"
"Lichinaceae","Finkia","lichen"
"Lichinaceae","Gonohymenia","lichen"
"Lichinaceae","Gyrocollema","lichen"
"Lichinaceae","Heppia","lichen"
"Lichinaceae","Lemmopsis","lichen"
"Lichinaceae","Lempholemma","lichen"
"Lichinaceae","Leprocollema","lichen"
"Lichinaceae","Lichina","lichen"
"Lichinaceae","Lichinella","lichen"
"Lichinaceae","Metamelanea","lichen"
"Lichinaceae","Paulia","lichen"
"Lichinaceae","Peccania","lichen"
"Lichinaceae","Phloeopeccania","lichen"
"Lichinaceae","Phylliscum","lichen"
"Lichinaceae","Porocyphus","lichen"
"Lichinaceae","Psorotichia","lichen"
"Lichinaceae","Pterygiopsis","lichen"
"Lichinaceae","Pyrenocarpon","lichen"
"Lichinaceae","Pyrenopsis","lichen"
"Lichinaceae","Stromatella","lichen"
"Lichinaceae","Synalissa","lichen"
"Lichinaceae","Thallinocarpon","lichen"
"Lichinaceae","Thelochroa","lichen"
"Lichinaceae","Thermutis","lichen"
"Lichinaceae","Thyrea","lichen"
"Lichinaceae","Zahlbrucknerella","lichen"
"Peltulaceae","Peltula","lichen"
"Peltulaceae","Phyllopeltula","lichen"
"Vezdaeaceae","Vezdaea","lichen"
"Chlamydomonadaceae","Carteria","green algae"
"Anthocerotaceae","Anthoceros","bryophyte"
"Anthocerotaceae","Aspiromitus","bryophyte"
"Anthocerotaceae","Folioceros","bryophyte"
"Anthocerotaceae","Foraminisporis","bryophyte"
"Anthocerotaceae","Rudolphisporis","bryophyte"
"Dendrocerotaceae","Dendroceros","bryophyte"
"Dendrocerotaceae","Megaceros","bryophyte"
"Dendrocerotaceae","Nothoceros","bryophyte"
"Dendrocerotaceae","Phaeomegaceros","bryophyte"
"Notothyladaceae","Mesoceros","bryophyte"
"Notothyladaceae","Notothylas","bryophyte"
"Notothyladaceae","Paraphymatoceros","bryophyte"
"Notothyladaceae","Phaeoceros","bryophyte"
"Phymatocerotaceae","Phymatoceros","bryophyte"
"Leiosporocerotaceae","Leiosporoceros","bryophyte"
"Andreaeaceae","Andreaea","bryophyte"
"Andreaeobryaceae","Andreaeobryum","bryophyte"
"Aulacomniaceae","Aulacomnium","bryophyte"
"Aulacomniaceae","Hymenodontopsis","bryophyte"
"Aulacomniaceae","Mesochaete","bryophyte"
"Bartramiaceae","Anacolia","bryophyte"
"Bartramiaceae","Bartramia","bryophyte"
"Bartramiaceae","Bartramidula","bryophyte"
"Bartramiaceae","Breutelia","bryophyte"
"Bartramiaceae","Conostomum","bryophyte"
"Bartramiaceae","Fleischerobryum","bryophyte"
"Bartramiaceae","Flowersia","bryophyte"
"Bartramiaceae","Leiomela","bryophyte"
"Bartramiaceae","Philonotis","bryophyte"
"Bartramiaceae","Plagiopus","bryophyte"
"Bryaceae","Acidodontium","bryophyte"
"Bryaceae","Anomobryum","bryophyte"
"Bryaceae","Brachymenium","bryophyte"
"Bryaceae","Bryum","bryophyte"
"Bryaceae","Cladodium","bryophyte"
"Bryaceae","Gemmabryum","bryophyte"
"Bryaceae","Haplodontium","bryophyte"
"Bryaceae","Imbribryum","bryophyte"
"Bryaceae","Leptostomopsis","bryophyte"
"Bryaceae","Ochiobryum","bryophyte"
"Bryaceae","Osculatia","bryophyte"
"Bryaceae","Perssonia","bryophyte"
"Bryaceae","Plagiobryoides","bryophyte"
"Bryaceae","Plagiobryum","bryophyte"
"Bryaceae","Pseudopohlia","bryophyte"
"Bryaceae","Ptychostomum","bryophyte"
"Bryaceae","Rhodobryum","bryophyte"
"Bryaceae","Roellobryon","bryophyte"
"Bryaceae","Rosulabryum","bryophyte"
"Bryaceae","Stableria","bryophyte"
"Leptostomaceae","Leptostomum","bryophyte"
"Mniaceae","Cinclidium","bryophyte"
"Mniaceae","Cyrtomnium","bryophyte"
"Mniaceae","Epipterygium","bryophyte"
"Mniaceae","Leucolepis","bryophyte"
"Mniaceae","Mielichhoferia","bryophyte"
"Mniaceae","Mniobryum","bryophyte"
"Mniaceae","Mnium","bryophyte"
"Mniaceae","Orthomnion","bryophyte"
"Mniaceae","Plagiomnium","bryophyte"
"Mniaceae","Pohlia","bryophyte"
"Mniaceae","Pseudobryum","bryophyte"
"Mniaceae","Rhizomnium","bryophyte"
"Mniaceae","Schizymenium","bryophyte"
"Mniaceae","Synthetodontium","bryophyte"
"Mniaceae","Trachycystis","bryophyte"
"Mniaceae","Webera","bryophyte"
"Orthodontiaceae","Hymenodon","bryophyte"
"Orthodontiaceae","Leptotheca","bryophyte"
"Orthodontiaceae","Orthodontium","bryophyte"
"Phyllodrepaniaceae","Mniomalia","bryophyte"
"Phyllodrepaniaceae","Phyllodrepanium","bryophyte"
"Pseudoditrichaceae","Pseudoditrichum","bryophyte"
"Pulchrinodaceae","Pulchrinodus","bryophyte"
"Buxbaumiaceae","Buxbaumia","bryophyte"
"Catoscopiaceae","Catoscopium","bryophyte"
"Amphidiaceae","Amphidium","bryophyte"
"Aongstroemiaceae","Aongstroemia","bryophyte"
"Aongstroemiaceae","Dichodontium","bryophyte"
"Aongstroemiaceae","Diobelonella","bryophyte"
"Aongstroemiaceae","Hygrodicranum","bryophyte"
"Aongstroemiaceae","Neodicranella","bryophyte"
"Aongstroemiaceae","Polymerodon","bryophyte"
"Archidiaceae","Archidium","bryophyte"
"Bruchiaceae","Bruchia","bryophyte"
"Bruchiaceae","Cladophascum","bryophyte"
"Bruchiaceae","Eobruchia","bryophyte"
"Bruchiaceae","Trematodon","bryophyte"
"Bryoxiphiaceae","Bryoxiphium","bryophyte"
"Calymperaceae","Arthrocormus","bryophyte"
"Calymperaceae","Calymperes","bryophyte"
"Calymperaceae","Chameleion","bryophyte"
"Calymperaceae","Exodictyon","bryophyte"
"Calymperaceae","Exostratum","bryophyte"
"Calymperaceae","Leucophanes","bryophyte"
"Calymperaceae","Mitthyridium","bryophyte"
"Calymperaceae","Syrrhopodon","bryophyte"
"Dicnemonaceae","Dicnemon","bryophyte"
"Dicnemonaceae","Eucamptodon","bryophyte"
"Dicranaceae","Anisothecium","bryophyte"
"Dicranaceae","Aongstroemiopsis","bryophyte"
"Dicranaceae","Braunfelsia","bryophyte"
"Dicranaceae","Brothera","bryophyte"
"Dicranaceae","Brotherobryum","bryophyte"
"Dicranaceae","Bryotestua","bryophyte"
"Dicranaceae","Campylopodiella","bryophyte"
"Dicranaceae","Campylopodium","bryophyte"
"Dicranaceae","Chorisodontium","bryophyte"
"Dicranaceae","Cryptodicranum","bryophyte"
"Dicranaceae","Dicranites","bryophyte"
"Dicranaceae","Dicranoloma","bryophyte"
"Dicranaceae","Dicranum","bryophyte"
"Dicranaceae","Eucamptodontopsis","bryophyte"
"Dicranaceae","Hollia","bryophyte"
"Dicranaceae","Holodontium","bryophyte"
"Dicranaceae","Holomitriopsis","bryophyte"
"Dicranaceae","Holomitrium","bryophyte"
"Dicranaceae","Leptotrichella","bryophyte"
"Dicranaceae","Leucoloma","bryophyte"
"Dicranaceae","Macrodictyum","bryophyte"
"Dicranaceae","Mesotus","bryophyte"
"Dicranaceae","Mitrobryum","bryophyte"
"Dicranaceae","Muscoherzogia","bryophyte"
"Dicranaceae","Ochrobryum","bryophyte"
"Dicranaceae","Orthodicranum","bryophyte"
"Dicranaceae","Paraleucobryum","bryophyte"
"Dicranaceae","Parisia","bryophyte"
"Dicranaceae","Phantomia","bryophyte"
"Dicranaceae","Pilopogon","bryophyte"
"Dicranaceae","Platyneuron","bryophyte"
"Dicranaceae","Pseudochorisodontium","bryophyte"
"Dicranaceae","Schliephackea","bryophyte"
"Dicranaceae","Sclerodontium","bryophyte"
"Dicranaceae","Sphaerothecium","bryophyte"
"Dicranaceae","Symblepharis","bryophyte"
"Dicranellaceae","Dicranella","bryophyte"
"Dicranellaceae","Microcampylopus","bryophyte"
"Dicranellaceae","Trichodontium","bryophyte"
"Distichiaceae","Distichium","bryophyte"
"Ditrichaceae","Astomiopsis","bryophyte"
"Ditrichaceae","Bryomanginia","bryophyte"
"Ditrichaceae","Ceratodon","bryophyte"
"Ditrichaceae","Cheilothela","bryophyte"
"Ditrichaceae","Chrysoblastella","bryophyte"
"Ditrichaceae","Cladastomum","bryophyte"
"Ditrichaceae","Cleistocarpidium","bryophyte"
"Ditrichaceae","Crumuscus","bryophyte"
"Ditrichaceae","Cygniella","bryophyte"
"Ditrichaceae","Ditrichopsis","bryophyte"
"Ditrichaceae","Ditrichum","bryophyte"
"Ditrichaceae","Eccremidium","bryophyte"
"Ditrichaceae","Garckea","bryophyte"
"Ditrichaceae","Leptotrichum","bryophyte"
"Ditrichaceae","Pleuriditrichum","bryophyte"
"Ditrichaceae","Pleuridium","bryophyte"
"Ditrichaceae","Pringleella","bryophyte"
"Ditrichaceae","Pseudephemerum","bryophyte"
"Ditrichaceae","Skottsbergia","bryophyte"
"Ditrichaceae","Strombulidens","bryophyte"
"Ditrichaceae","Trichodon","bryophyte"
"Ditrichaceae","Tristichium","bryophyte"
"Ditrichaceae","Wilsoniella","bryophyte"
"Erpodiaceae","Solmsiella","bryophyte"
"Erpodiaceae","Tricherpodium","bryophyte"
"Eustichiaceae","Eustichia","bryophyte"
"Fissidentaceae","Fissidens","bryophyte"
"Flexitrichaceae","Flexitrichum","bryophyte"
"Hymenolomataceae","Hymenoloma","bryophyte"
"Leucobryaceae","Atractylocarpus","bryophyte"
"Leucobryaceae","Campylopus","bryophyte"
"Leucobryaceae","Cladopodanthus","bryophyte"
"Leucobryaceae","Dicranodontium","bryophyte"
"Leucobryaceae","Leucobryum","bryophyte"
"Leucobryaceae","Schistomitrium","bryophyte"
"Leucobryaceae","Steyermarkiella","bryophyte"
"Micromitriaceae","Micromitrium","bryophyte"
"Octoblepharaceae","Octoblepharum","bryophyte"
"Rhabdoweisiaceae","Arctoa","bryophyte"
"Rhabdoweisiaceae","Brideliella","bryophyte"
"Rhabdoweisiaceae","Camptodontium","bryophyte"
"Rhabdoweisiaceae","Cnestrum","bryophyte"
"Rhabdoweisiaceae","Cynodontium","bryophyte"
"Rhabdoweisiaceae","Dicranoweisia","bryophyte"
"Rhabdoweisiaceae","Notocynodontium","bryophyte"
"Rhabdoweisiaceae","Oncophorus","bryophyte"
"Rhabdoweisiaceae","Oreas","bryophyte"
"Rhabdoweisiaceae","Oreoweisia","bryophyte"
"Rhabdoweisiaceae","Pseudoblindia","bryophyte"
"Rhabdoweisiaceae","Rhabdoweisia","bryophyte"
"Rhabdoweisiaceae","Ripariella","bryophyte"
"Rhachitheciaceae","Jonesiobryum","bryophyte"
"Rhachitheciaceae","Rhachitheciopsis","bryophyte"
"Rhachitheciaceae","Tisserantiella","bryophyte"
"Rhachitheciaceae","Ulea","bryophyte"
"Rhachitheciaceae","Zanderia","bryophyte"
"Schistostegaceae","Schistostega","bryophyte"
"Viridivelleraceae","Viridivellus","bryophyte"
"Diphysciaceae","Diphyscium","bryophyte"
"Encalyptaceae","Bryobrittonia","bryophyte"
"Encalyptaceae","Encalypta","bryophyte"
"Disceliaceae","Discelium","bryophyte"
"Funariaceae","Afoninia","bryophyte"
"Funariaceae","Brachymeniopsis","bryophyte"
"Funariaceae","Bryobeckettia","bryophyte"
"Funariaceae","Clavitheca","bryophyte"
"Funariaceae","Cygnicollum","bryophyte"
"Funariaceae","Entosthodon","bryophyte"
"Funariaceae","Funaria","bryophyte"
"Funariaceae","Funariella","bryophyte"
"Funariaceae","Goniomitrium","bryophyte"
"Funariaceae","Loiseaubryum","bryophyte"
"Funariaceae","Nanomitriella","bryophyte"
"Funariaceae","Physcomitrellopsis","bryophyte"
"Funariaceae","Physcomitrium","bryophyte"
"Funariaceae","Pyramidula","bryophyte"
"Gigaspermaceae","Chamaebryum","bryophyte"
"Gigaspermaceae","Costesia","bryophyte"
"Gigaspermaceae","Gigaspermum","bryophyte"
"Gigaspermaceae","Lorentziella","bryophyte"
"Gigaspermaceae","Neosharpiella","bryophyte"
"Gigaspermaceae","Oedipodiella","bryophyte"
"Grimmiaceae","Bucklandiella","bryophyte"
"Grimmiaceae","Codriophorus","bryophyte"
"Grimmiaceae","Coscinodon","bryophyte"
"Grimmiaceae","Coscinodontella","bryophyte"
"Grimmiaceae","Dilutineuron","bryophyte"
"Grimmiaceae","Frisvollia","bryophyte"
"Grimmiaceae","Grimmia","bryophyte"
"Grimmiaceae","Leucoperichaetium","bryophyte"
"Grimmiaceae","Niphotrichum","bryophyte"
"Grimmiaceae","Plagiopodopsis","bryophyte"
"Grimmiaceae","Racomitrium","bryophyte"
"Grimmiaceae","Schistidium","bryophyte"
"Ptychomitriaceae","Aligrimmia","bryophyte"
"Ptychomitriaceae","Brachydontium","bryophyte"
"Ptychomitriaceae","Campylostelium","bryophyte"
"Ptychomitriaceae","Glyphomitrium","bryophyte"
"Ptychomitriaceae","Indusiella","bryophyte"
"Ptychomitriaceae","Jaffueliobryum","bryophyte"
"Ptychomitriaceae","Ptychomitriopsis","bryophyte"
"Ptychomitriaceae","Ptychomitrium","bryophyte"
"Saelaniaceae","Saelania","bryophyte"
"Scouleriaceae","Scouleria","bryophyte"
"Scouleriaceae","Tridontium","bryophyte"
"Seligeriaceae","Blindia","bryophyte"
"Seligeriaceae","Blindiadelphus","bryophyte"
"Seligeriaceae","Hymenolomopsis","bryophyte"
"Seligeriaceae","Notothamia","bryophyte"
"Seligeriaceae","Seligeria","bryophyte"
"Seligeriaceae","Valdonia","bryophyte"
"Hedwigiaceae","Braunia","bryophyte"
"Hedwigiaceae","Hedwigia","bryophyte"
"Hedwigiaceae","Hedwigidium","bryophyte"
"Hedwigiaceae","Pararhacocarpus","bryophyte"
"Hedwigiaceae","Pseudobraunia","bryophyte"
"Rhacocarpaceae","Rhacocarpus","bryophyte"
"Calyptrochaetaceae","Calyptrochaeta","bryophyte"
"Daltoniaceae","Achrophyllum","bryophyte"
"Daltoniaceae","Adelothecium","bryophyte"
"Daltoniaceae","Beeveria","bryophyte"
"Daltoniaceae","Benitotania","bryophyte"
"Daltoniaceae","Bryobrothera","bryophyte"
"Daltoniaceae","Crosbya","bryophyte"
"Daltoniaceae","Daltonia","bryophyte"
"Daltoniaceae","Distichophyllidium","bryophyte"
"Daltoniaceae","Distichophyllum","bryophyte"
"Daltoniaceae","Ephemeropsis","bryophyte"
"Daltoniaceae","Eriopus","bryophyte"
"Daltoniaceae","Lepidopilum","bryophyte"
"Daltoniaceae","Leskeodon","bryophyte"
"Daltoniaceae","Leskeodontopsis","bryophyte"
"Daltoniaceae","Metadistichophyllum","bryophyte"
"Daltoniaceae","Mniadelphus","bryophyte"
"Hookeriaceae","Chaetomitriopsis","bryophyte"
"Hookeriaceae","Crossomitrium","bryophyte"
"Hookeriaceae","Hookeria","bryophyte"
"Leucomiaceae","Leucomium","bryophyte"
"Leucomiaceae","Rhynchostegiopsis","bryophyte"
"Leucomiaceae","Tetrastichium","bryophyte"
"Pilotrichaceae","Actinodontium","bryophyte"
"Pilotrichaceae","Amblytropis","bryophyte"
"Pilotrichaceae","Brymela","bryophyte"
"Pilotrichaceae","Callicostella","bryophyte"
"Pilotrichaceae","Callicostellopsis","bryophyte"
"Pilotrichaceae","Diploneuron","bryophyte"
"Pilotrichaceae","Helicoblepharum","bryophyte"
"Pilotrichaceae","Hemiragis","bryophyte"
"Pilotrichaceae","Hookeriopsis","bryophyte"
"Pilotrichaceae","Hypnella","bryophyte"
"Pilotrichaceae","Lepidopilidium","bryophyte"
"Pilotrichaceae","Neohypnella","bryophyte"
"Pilotrichaceae","Philophyllum","bryophyte"
"Pilotrichaceae","Pilotrichidium","bryophyte"
"Pilotrichaceae","Pilotrichum","bryophyte"
"Pilotrichaceae","Stenodesmus","bryophyte"
"Pilotrichaceae","Stenodictyon","bryophyte"
"Pilotrichaceae","Thamniopsis","bryophyte"
"Pilotrichaceae","Trachyxiphium","bryophyte"
"Saulomataceae","Ancistrodes","bryophyte"
"Saulomataceae","Sauloma","bryophyte"
"Saulomataceae","Vesiculariopsis","bryophyte"
"Schimperobryaceae","Schimperobryum","bryophyte"
"Symphyodontaceae","Chaetomitrium","bryophyte"
"Symphyodontaceae","Cyclodictyon","bryophyte"
"Symphyodontaceae","Symphyodon","bryophyte"
"Acrocladiaceae","Acrocladium","bryophyte"
"Amblystegiaceae","Amblystegium","bryophyte"
"Amblystegiaceae","Anacamptodon","bryophyte"
"Amblystegiaceae","Arvernella","bryophyte"
"Amblystegiaceae","Bryostreimannia","bryophyte"
"Amblystegiaceae","Campylium","bryophyte"
"Amblystegiaceae","Campylophyllopsis","bryophyte"
"Amblystegiaceae","Campylophyllum","bryophyte"
"Amblystegiaceae","Conardia","bryophyte"
"Amblystegiaceae","Cratoneuron","bryophyte"
"Amblystegiaceae","Cratoneuropsis","bryophyte"
"Amblystegiaceae","Donrichardsia","bryophyte"
"Amblystegiaceae","Drepanium","bryophyte"
"Amblystegiaceae","Drepanocladus","bryophyte"
"Amblystegiaceae","Gradsteinia","bryophyte"
"Amblystegiaceae","Hygroamblystegium","bryophyte"
"Amblystegiaceae","Hygrohypnum","bryophyte"
"Amblystegiaceae","Hypnites","bryophyte"
"Amblystegiaceae","Jankuceraea","bryophyte"
"Amblystegiaceae","Kandaea","bryophyte"
"Amblystegiaceae","Koponenia","bryophyte"
"Amblystegiaceae","Larrainia","bryophyte"
"Amblystegiaceae","Leptodictyum","bryophyte"
"Amblystegiaceae","Microamblystegium","bryophyte"
"Amblystegiaceae","Microhypnum","bryophyte"
"Amblystegiaceae","Neocalliergon","bryophyte"
"Amblystegiaceae","Palustriella","bryophyte"
"Amblystegiaceae","Pictus","bryophyte"
"Amblystegiaceae","Platyhypnum","bryophyte"
"Amblystegiaceae","Platylomella","bryophyte"
"Amblystegiaceae","Pseudoamblystegium","bryophyte"
"Amblystegiaceae","Pseudocampylium","bryophyte"
"Amblystegiaceae","Sasaokaea","bryophyte"
"Amblystegiaceae","Serpoleskea","bryophyte"
"Amblystegiaceae","Tomentypnum","bryophyte"
"Amblystegiaceae","Vittia","bryophyte"
"Anomodontaceae","Anomodon","bryophyte"
"Anomodontaceae","Anomodontella","bryophyte"
"Anomodontaceae","Anomodontopsis","bryophyte"
"Anomodontaceae","Bryonorrisia","bryophyte"
"Anomodontaceae","Curviramea","bryophyte"
"Anomodontaceae","Haplohymenium","bryophyte"
"Antitrichiaceae","Antitrichia","bryophyte"
"Brachytheciaceae","Aerolindigia","bryophyte"
"Brachytheciaceae","Brachytheciastrum","bryophyte"
"Brachytheciaceae","Brachytheciella","bryophyte"
"Brachytheciaceae","Brachythecium","bryophyte"
"Brachytheciaceae","Bryhnia","bryophyte"
"Brachytheciaceae","Bryoandersonia","bryophyte"
"Brachytheciaceae","Camptothecium","bryophyte"
"Brachytheciaceae","Catagoniopsis","bryophyte"
"Brachytheciaceae","Cirriphyllum","bryophyte"
"Brachytheciaceae","Claopodium","bryophyte"
"Brachytheciaceae","Eurhynchiadelphus","bryophyte"
"Brachytheciaceae","Eurhynchiastrum","bryophyte"
"Brachytheciaceae","Eurhynchiella","bryophyte"
"Brachytheciaceae","Eurhynchium","bryophyte"
"Brachytheciaceae","Flabellidium","bryophyte"
"Brachytheciaceae","Frahmiella","bryophyte"
"Brachytheciaceae","Hedenaesia","bryophyte"
"Brachytheciaceae","Hedenasiastrum","bryophyte"
"Brachytheciaceae","Homalotheciella","bryophyte"
"Brachytheciaceae","Homalothecium","bryophyte"
"Brachytheciaceae","Juratzkaeella","bryophyte"
"Brachytheciaceae","Kindbergia","bryophyte"
"Brachytheciaceae","Koponeniella","bryophyte"
"Brachytheciaceae","Lepyrodontopsis","bryophyte"
"Brachytheciaceae","Lindigia","bryophyte"
"Brachytheciaceae","Mandoniella","bryophyte"
"Brachytheciaceae","Microeurhynchium","bryophyte"
"Brachytheciaceae","Myuroclada","bryophyte"
"Brachytheciaceae","Nobregaea","bryophyte"
"Brachytheciaceae","Oticodium","bryophyte"
"Brachytheciaceae","Oxyrrhynchium","bryophyte"
"Brachytheciaceae","Palamocladium","bryophyte"
"Brachytheciaceae","Platyhypnidium","bryophyte"
"Brachytheciaceae","Pseudokindbergia","bryophyte"
"Brachytheciaceae","Pseudopleuropus","bryophyte"
"Brachytheciaceae","Pseudorhynchostegiella","bryophyte"
"Brachytheciaceae","Pseudoscleropodium","bryophyte"
"Brachytheciaceae","Remyella","bryophyte"
"Brachytheciaceae","Rhynchostegiella","bryophyte"
"Brachytheciaceae","Rhynchostegium","bryophyte"
"Brachytheciaceae","Rozea","bryophyte"
"Brachytheciaceae","Sainthelenia","bryophyte"
"Brachytheciaceae","Schimperella","bryophyte"
"Brachytheciaceae","Sciuro-hypnum","bryophyte"
"Brachytheciaceae","Scleropodium","bryophyte"
"Brachytheciaceae","Scorpiurium","bryophyte"
"Brachytheciaceae","Stenocarpidiopsis","bryophyte"
"Brachytheciaceae","Unclejackia","bryophyte"
"Calliergonaceae","Calliergon","bryophyte"
"Calliergonaceae","Loeskypnum","bryophyte"
"Calliergonaceae","Sarmentypnum","bryophyte"
"Calliergonaceae","Straminergon","bryophyte"
"Calliergonaceae","Warnstorfia","bryophyte"
"Catagoniaceae","Catagonium","bryophyte"
"Climaciaceae","Climacium","bryophyte"
"Climaciaceae","Limnohypnum","bryophyte"
"Cryphaeaceae","Cryphaea","bryophyte"
"Cryphaeaceae","Cryphaeophilum","bryophyte"
"Cryphaeaceae","Cryphidium","bryophyte"
"Cryphaeaceae","Cyptodon","bryophyte"
"Cryphaeaceae","Cyptodontopsis","bryophyte"
"Cryphaeaceae","Dendrocryphaea","bryophyte"
"Cryphaeaceae","Dendropogonella","bryophyte"
"Cryphaeaceae","Monocryphaea","bryophyte"
"Cryphaeaceae","Pilotrichopsis","bryophyte"
"Cryphaeaceae","Schoenobryum","bryophyte"
"Cryphaeaceae","Sphaerotheciella","bryophyte"
"Echinodiaceae","Echinodium","bryophyte"
"Echinodiaceae","Pseudomalia","bryophyte"
"Echinodiaceae","Scleromnium","bryophyte"
"Entodontaceae","Entodon","bryophyte"
"Entodontaceae","Erythrodontium","bryophyte"
"Entodontaceae","Mesondon","bryophyte"
"Entodontaceae","Mesonodon","bryophyte"
"Entodontaceae","Pylaisiobryum","bryophyte"
"Fabroniaceae","Clasmatodon","bryophyte"
"Fabroniaceae","Dimerodontium","bryophyte"
"Fabroniaceae","Fabronia","bryophyte"
"Fabroniaceae","Ischyrodon","bryophyte"
"Fabroniaceae","Levierella","bryophyte"
"Fabroniaceae","Merrilliobryum","bryophyte"
"Fabroniaceae","Myrinia","bryophyte"
"Fabroniaceae","Rhizofabronia","bryophyte"
"Fabroniaceae","Schwetschkeopsis","bryophyte"
"Fontinalaceae","Brachelyma","bryophyte"
"Fontinalaceae","Dichelyma","bryophyte"
"Fontinalaceae","Fontinalis","bryophyte"
"Habrodontaceae","Habrodon","bryophyte"
"Helodiaceae","Bryochenea","bryophyte"
"Heterocladiellaceae","Heterocladiella","bryophyte"
"Hylocomiaceae","Hylocomiadelphus","bryophyte"
"Hylocomiaceae","Hylocomiastrum","bryophyte"
"Hylocomiaceae","Hylocomium","bryophyte"
"Hylocomiaceae","Leptocladiella","bryophyte"
"Hylocomiaceae","Leptohymenium","bryophyte"
"Hylocomiaceae","Loeskeobryum","bryophyte"
"Hylocomiaceae","Macrothamnium","bryophyte"
"Hylocomiaceae","Meteoriella","bryophyte"
"Hylocomiaceae","Neodolichomitra","bryophyte"
"Hylocomiaceae","Orontobryum","bryophyte"
"Hylocomiaceae","Pleurozium","bryophyte"
"Hylocomiaceae","Rhytidiadelphus","bryophyte"
"Hylocomiaceae","Rhytidiopsis","bryophyte"
"Hypnaceae","Austrohondaella","bryophyte"
"Hypnaceae","Bryocrumia","bryophyte"
"Hypnaceae","Bryosedgwickia","bryophyte"
"Hypnaceae","Callicladium","bryophyte"
"Hypnaceae","Caribaeohypnum","bryophyte"
"Hypnaceae","Chryso-hypnum","bryophyte"
"Hypnaceae","Crepidophyllum","bryophyte"
"Hypnaceae","Ctenidiadelphus","bryophyte"
"Hypnaceae","Cupressina","bryophyte"
"Hypnaceae","Cyathothecium","bryophyte"
"Hypnaceae","Dacryophyllum","bryophyte"
"Hypnaceae","Ectropotheciella","bryophyte"
"Hypnaceae","Ectropotheciopsis","bryophyte"
"Hypnaceae","Ectropothecium","bryophyte"
"Hypnaceae","Elharveya","bryophyte"
"Hypnaceae","Elmeriobryum","bryophyte"
"Hypnaceae","Entodontella","bryophyte"
"Hypnaceae","Foreauella","bryophyte"
"Hypnaceae","Gammiella","bryophyte"
"Hypnaceae","Glossadelphus","bryophyte"
"Hypnaceae","Gollania","bryophyte"
"Hypnaceae","Hondaella","bryophyte"
"Hypnaceae","Hypnum","bryophyte"
"Hypnaceae","Irelandia","bryophyte"
"Hypnaceae","Karstia","bryophyte"
"Hypnaceae","Leiodontium","bryophyte"
"Hypnaceae","Leptoischyrodon","bryophyte"
"Hypnaceae","Macrothamniella","bryophyte"
"Hypnaceae","Mahua","bryophyte"
"Hypnaceae","Microctenidium","bryophyte"
"Hypnaceae","Microthamnium","bryophyte"
"Hypnaceae","Mittenothamnium","bryophyte"
"Hypnaceae","Nanothecium","bryophyte"
"Hypnaceae","Neoptychophyllum","bryophyte"
"Hypnaceae","Phyllodon","bryophyte"
"Hypnaceae","Plagiotheciopsis","bryophyte"
"Hypnaceae","Platygyriella","bryophyte"
"Hypnaceae","Podperaea","bryophyte"
"Hypnaceae","Pseudohypnella","bryophyte"
"Hypnaceae","Puiggariopsis","bryophyte"
"Hypnaceae","Pylaisaea","bryophyte"
"Hypnaceae","Rhacopilopsis","bryophyte"
"Hypnaceae","Rhizohypnella","bryophyte"
"Hypnaceae","Sclerohypnum","bryophyte"
"Hypnaceae","Stenotheciopsis","bryophyte"
"Hypnaceae","Stereodontopsis","bryophyte"
"Hypnaceae","Syringothecium","bryophyte"
"Hypnaceae","Taxiphyllopsis","bryophyte"
"Hypnaceae","Taxiphyllum","bryophyte"
"Hypnaceae","Wijkiella","bryophyte"
"Jocheniaceae","Jochenia","bryophyte"
"Lembophyllaceae","Bryolawtonia","bryophyte"
"Lembophyllaceae","Camptochaete","bryophyte"
"Lembophyllaceae","Dolichomitra","bryophyte"
"Lembophyllaceae","Dolichomitriadelphus","bryophyte"
"Lembophyllaceae","Dolichomitriopsis","bryophyte"
"Lembophyllaceae","Fallaciella","bryophyte"
"Lembophyllaceae","Fifea","bryophyte"
"Lembophyllaceae","Heterocladium","bryophyte"
"Lembophyllaceae","Isotheciastrum","bryophyte"
"Lembophyllaceae","Isothecium","bryophyte"
"Lembophyllaceae","Lembophyllum","bryophyte"
"Lembophyllaceae","Looseria","bryophyte"
"Lembophyllaceae","Margrethypnum","bryophyte"
"Lembophyllaceae","Mawenzhangia","bryophyte"
"Lembophyllaceae","Neobarbella","bryophyte"
"Lembophyllaceae","Plasteurhynchium","bryophyte"
"Lembophyllaceae","Pseudisothecium","bryophyte"
"Lembophyllaceae","Tripterocladium","bryophyte"
"Lembophyllaceae","Weymouthia","bryophyte"
"Leptodontaceae","Caduciella","bryophyte"
"Leptodontaceae","Pseudocryphaea","bryophyte"
"Leptodontaceae","Taiwanobryum","bryophyte"
"Leskeaceae","Chileobryon","bryophyte"
"Leskeaceae","Fabronidium","bryophyte"
"Leskeaceae","Haplocladium","bryophyte"
"Leskeaceae","Hylocomiopsis","bryophyte"
"Leskeaceae","Ignatovia","bryophyte"
"Leskeaceae","Leptocladium","bryophyte"
"Leskeaceae","Leskea","bryophyte"
"Leskeaceae","Leskeadelphus","bryophyte"
"Leskeaceae","Leskeella","bryophyte"
"Leskeaceae","Leskia","bryophyte"
"Leskeaceae","Lindbergia","bryophyte"
"Leskeaceae","Orthoamblystegium","bryophyte"
"Leskeaceae","Pseudoleskea","bryophyte"
"Leskeaceae","Pseudoleskeopsis","bryophyte"
"Leskeaceae","Schwetschkea","bryophyte"
"Leucodontaceae","Bestia","bryophyte"
"Leucodontaceae","Dendroalsia","bryophyte"
"Leucodontaceae","Dozya","bryophyte"
"Leucodontaceae","Eoleucodon","bryophyte"
"Leucodontaceae","Forsstroemia","bryophyte"
"Leucodontaceae","Leucodon","bryophyte"
"Leucodontaceae","Nogopterium","bryophyte"
"Leucodontaceae","Okamuraea","bryophyte"
"Leucodontaceae","Pterogoniadelphus","bryophyte"
"Leucodontaceae","Scabridens","bryophyte"
"Meteoriaceae","Aerobryidium","bryophyte"
"Meteoriaceae","Aerobryopsis","bryophyte"
"Meteoriaceae","Aerobryum","bryophyte"
"Meteoriaceae","Barbella","bryophyte"
"Meteoriaceae","Barbellopsis","bryophyte"
"Meteoriaceae","Chrysocladium","bryophyte"
"Meteoriaceae","Cryptopapillaria","bryophyte"
"Meteoriaceae","Duthiella","bryophyte"
"Meteoriaceae","Floribundaria","bryophyte"
"Meteoriaceae","Meteoridium","bryophyte"
"Meteoriaceae","Meteoriopsis","bryophyte"
"Meteoriaceae","Meteorium","bryophyte"
"Meteoriaceae","Neodicladiella","bryophyte"
"Meteoriaceae","Neonoguchia","bryophyte"
"Meteoriaceae","Orthostichella","bryophyte"
"Meteoriaceae","Papillaria","bryophyte"
"Meteoriaceae","Pilotrichella","bryophyte"
"Meteoriaceae","Sinskea","bryophyte"
"Meteoriaceae","Squamidium","bryophyte"
"Meteoriaceae","Toloxis","bryophyte"
"Meteoriaceae","Trachycladiella","bryophyte"
"Meteoriaceae","Zelometeorium","bryophyte"
"Microtheciellaceae","Microtheciella","bryophyte"
"Myriniaceae","Austinia","bryophyte"
"Myriniaceae","Helicodontium","bryophyte"
"Myriniaceae","Macgregorella","bryophyte"
"Myriniaceae","Nematocladia","bryophyte"
"Myuriaceae","Andoa","bryophyte"
"Myuriaceae","Ctenidium","bryophyte"
"Myuriaceae","Eumyurium","bryophyte"
"Myuriaceae","Hyocomium","bryophyte"
"Myuriaceae","Myurium","bryophyte"
"Myuriaceae","Oedicladium","bryophyte"
"Myuriaceae","Palisadula","bryophyte"
"Neckeraceae","Alleniella","bryophyte"
"Neckeraceae","Austrothamnium","bryophyte"
"Neckeraceae","Baldwiniella","bryophyte"
"Neckeraceae","Bissetia","bryophyte"
"Neckeraceae","Bryobuckia","bryophyte"
"Neckeraceae","Circulifolium","bryophyte"
"Neckeraceae","Curvicladium","bryophyte"
"Neckeraceae","Dannorrisia","bryophyte"
"Neckeraceae","Echinodiopsis","bryophyte"
"Neckeraceae","Enrothia","bryophyte"
"Neckeraceae","Exsertotheca","bryophyte"
"Neckeraceae","Handeliobryum","bryophyte"
"Neckeraceae","Himantocladium","bryophyte"
"Neckeraceae","Homalia","bryophyte"
"Neckeraceae","Homaliadelphus","bryophyte"
"Neckeraceae","Homaliodendron","bryophyte"
"Neckeraceae","Hydrocryphaea","bryophyte"
"Neckeraceae","Indoneckera","bryophyte"
"Neckeraceae","Isodrepanium","bryophyte"
"Neckeraceae","Iwatsukiella","bryophyte"
"Neckeraceae","Leptodon","bryophyte"
"Neckeraceae","Limbella","bryophyte"
"Neckeraceae","Longiella","bryophyte"
"Neckeraceae","Metaneckera","bryophyte"
"Neckeraceae","Neckera","bryophyte"
"Neckeraceae","Neckeromnion","bryophyte"
"Neckeraceae","Neckeropsis","bryophyte"
"Neckeraceae","Neomacounia","bryophyte"
"Neckeraceae","Noguchiodendron","bryophyte"
"Neckeraceae","Pendulothecium","bryophyte"
"Neckeraceae","Pengchengwua","bryophyte"
"Neckeraceae","Pinnatella","bryophyte"
"Neckeraceae","Planicladium","bryophyte"
"Neckeraceae","Porothamnium","bryophyte"
"Neckeraceae","Porotrichum","bryophyte"
"Neckeraceae","Pseudanomodon","bryophyte"
"Neckeraceae","Pseudoparaphysanthus","bryophyte"
"Neckeraceae","Pseudopterobryum","bryophyte"
"Neckeraceae","Shevockia","bryophyte"
"Neckeraceae","Taiwanobryopsis","bryophyte"
"Neckeraceae","Thamnobryum","bryophyte"
"Neckeraceae","Thamnomalia","bryophyte"
"Neckeraceae","Touwia","bryophyte"
"Orthorrhynchiaceae","Orthorrhynchium","bryophyte"
"Orthostichellaceae","Afrothamnium","bryophyte"
"Orthostichellaceae","Deslooveria","bryophyte"
"Orthostichellaceae","Dixonia","bryophyte"
"Orthostichellaceae","Pinnatidendron","bryophyte"
"Orthostichellaceae","Scabrellifolium","bryophyte"
"Plagiotheciaceae","Campylidium","bryophyte"
"Plagiotheciaceae","Herzogiella","bryophyte"
"Plagiotheciaceae","Isocladiella","bryophyte"
"Plagiotheciaceae","Isopterygiella","bryophyte"
"Plagiotheciaceae","Isopterygiopsis","bryophyte"
"Plagiotheciaceae","Ortholimnobium","bryophyte"
"Plagiotheciaceae","Orthothecium","bryophyte"
"Plagiotheciaceae","Plagiothecium","bryophyte"
"Plagiotheciaceae","Platydictya","bryophyte"
"Plagiotheciaceae","Pseudotaxiphyllum","bryophyte"
"Plagiotheciaceae","Rectithecium","bryophyte"
"Plagiotheciaceae","Redfearnia","bryophyte"
"Pleuroziopsaceae","Pleuroziopsis","bryophyte"
"Pseudoleskeaceae","Lescuraea","bryophyte"
"Pseudoleskeaceae","Rigodiadelphus","bryophyte"
"Pseudoleskeellaceae","Pseudoleskeella","bryophyte"
"Pterigynandraceae","Iwatusukiella","bryophyte"
"Pterigynandraceae","Pterigynandrum","bryophyte"
"Pterobryaceae","Calyptothecium","bryophyte"
"Pterobryaceae","Cryptogonium","bryophyte"
"Pterobryaceae","Endotrichella","bryophyte"
"Pterobryaceae","Garovaglia","bryophyte"
"Pterobryaceae","Henicodium","bryophyte"
"Pterobryaceae","Hildebrandtiella","bryophyte"
"Pterobryaceae","Jaegerina","bryophyte"
"Pterobryaceae","Micralsopsis","bryophyte"
"Pterobryaceae","Muellerobryum","bryophyte"
"Pterobryaceae","Neolindbergia","bryophyte"
"Pterobryaceae","Orthorrhynchidium","bryophyte"
"Pterobryaceae","Orthostichidium","bryophyte"
"Pterobryaceae","Orthostichopsis","bryophyte"
"Pterobryaceae","Osterwaldiella","bryophyte"
"Pterobryaceae","Penzigiella","bryophyte"
"Pterobryaceae","Pireella","bryophyte"
"Pterobryaceae","Pseudocryptogonium","bryophyte"
"Pterobryaceae","Pterobryidium","bryophyte"
"Pterobryaceae","Pterobryon","bryophyte"
"Pterobryaceae","Pterobryopsis","bryophyte"
"Pterobryaceae","Renauldia","bryophyte"
"Pterobryaceae","Rhabdodontium","bryophyte"
"Pterobryaceae","Spiridentopsis","bryophyte"
"Pterobryaceae","Symphysodon","bryophyte"
"Pterobryaceae","Symphysodontella","bryophyte"
"Pylaisiaceae","Aquilonium","bryophyte"
"Pylaisiaceae","Buckia","bryophyte"
"Pylaisiaceae","Calliergonella","bryophyte"
"Pylaisiaceae","Calliergonellopsis","bryophyte"
"Pylaisiaceae","Calohypnum","bryophyte"
"Pylaisiaceae","Homomallium","bryophyte"
"Pylaisiaceae","Pseudohygrohypnum","bryophyte"
"Pylaisiaceae","Pseudostereodon","bryophyte"
"Pylaisiaceae","Ptilium","bryophyte"
"Pylaisiaceae","Pylaisia","bryophyte"
"Pylaisiaceae","Roaldia","bryophyte"
"Pylaisiaceae","Vesicularia","bryophyte"
"Pylaisiadelphaceae","Bonnosukea","bryophyte"
"Pylaisiadelphaceae","Clastobryellina","bryophyte"
"Pylaisiadelphaceae","Isocladiellopsis","bryophyte"
"Pylaisiadelphaceae","Mastopoma","bryophyte"
"Pylaisiadelphaceae","Microgammiella","bryophyte"
"Pylaisiadelphaceae","Notohypnum","bryophyte"
"Pylaisiadelphaceae","Orientobryum","bryophyte"
"Pylaisiadelphaceae","Pseudotrismegistia","bryophyte"
"Pylaisiadelphaceae","Pterogonidium","bryophyte"
"Pylaisiadelphaceae","Trochophyllohypnum","bryophyte"
"Regmatodontaceae","Yunnanobryon","bryophyte"
"Rhytidiaceae","Rhytidium","bryophyte"
"Rigodiaceae","Rigodium","bryophyte"
"Rutenbergiaceae","Neorutenbergia","bryophyte"
"Scorpidiaceae","Hamatocaulis","bryophyte"
"Scorpidiaceae","Hygrohypnella","bryophyte"
"Scorpidiaceae","Sanionia","bryophyte"
"Scorpidiaceae","Scorpidium","bryophyte"
"Sematophyllaceae","Acanthorrhynchium","bryophyte"
"Sematophyllaceae","Acritodon","bryophyte"
"Sematophyllaceae","Acroporium","bryophyte"
"Sematophyllaceae","Allioniellopsis","bryophyte"
"Sematophyllaceae","Aptychella","bryophyte"
"Sematophyllaceae","Aptychopsis","bryophyte"
"Sematophyllaceae","Billbuckia","bryophyte"
"Sematophyllaceae","Brittonodoxa","bryophyte"
"Sematophyllaceae","Brotherella","bryophyte"
"Sematophyllaceae","Chionostomum","bryophyte"
"Sematophyllaceae","Clastobryophilum","bryophyte"
"Sematophyllaceae","Clastobryum","bryophyte"
"Sematophyllaceae","Colobodontium","bryophyte"
"Sematophyllaceae","Donnellia","bryophyte"
"Sematophyllaceae","Hageniella","bryophyte"
"Sematophyllaceae","Heterophyllium","bryophyte"
"Sematophyllaceae","Hydropogon","bryophyte"
"Sematophyllaceae","Hydropogonella","bryophyte"
"Sematophyllaceae","Isopterygium","bryophyte"
"Sematophyllaceae","Jirivanaea","bryophyte"
"Sematophyllaceae","Kuerschneria","bryophyte"
"Sematophyllaceae","Macrohymenium","bryophyte"
"Sematophyllaceae","Meiotheciella","bryophyte"
"Sematophyllaceae","Meiotheciopsis","bryophyte"
"Sematophyllaceae","Meiothecium","bryophyte"
"Sematophyllaceae","Microcalpe","bryophyte"
"Sematophyllaceae","Papillidiopsis","bryophyte"
"Sematophyllaceae","Piloecium","bryophyte"
"Sematophyllaceae","Pilosimitra","bryophyte"
"Sematophyllaceae","Platygyrium","bryophyte"
"Sematophyllaceae","Pseudopiloecium","bryophyte"
"Sematophyllaceae","Pterogoniopsis","bryophyte"
"Sematophyllaceae","Pylaisiadelpha","bryophyte"
"Sematophyllaceae","Radulina","bryophyte"
"Sematophyllaceae","Rhaphidorrhynchium","bryophyte"
"Sematophyllaceae","Rhaphidostegium","bryophyte"
"Sematophyllaceae","Rhaphidostichum","bryophyte"
"Sematophyllaceae","Schraderella","bryophyte"
"Sematophyllaceae","Schroeterella","bryophyte"
"Sematophyllaceae","Sematophyllum","bryophyte"
"Sematophyllaceae","Struckia","bryophyte"
"Sematophyllaceae","Taxitheliella","bryophyte"
"Sematophyllaceae","Taxithelium","bryophyte"
"Sematophyllaceae","Timotimius","bryophyte"
"Sematophyllaceae","Trachyphyllum","bryophyte"
"Sematophyllaceae","Trichosteleum","bryophyte"
"Sematophyllaceae","Trismegistia","bryophyte"
"Sematophyllaceae","Trolliella","bryophyte"
"Sematophyllaceae","Warburgiella","bryophyte"
"Sematophyllaceae","Wijkia","bryophyte"
"Sematophyllaceae","Yakushimabryum","bryophyte"
"Sorapillaceae","Sorapilla","bryophyte"
"Stereodontaceae","Stereodon","bryophyte"
"Stereophyllaceae","Entodontopsis","bryophyte"
"Stereophyllaceae","Juratzkaea","bryophyte"
"Stereophyllaceae","Pilosium","bryophyte"
"Stereophyllaceae","Sciuroleskea","bryophyte"
"Stereophyllaceae","Stenocarpidium","bryophyte"
"Stereophyllaceae","Stereophyllum","bryophyte"
"Symphyodontaceae","Dimorphocladon","bryophyte"
"Symphyodontaceae","Rheoshevockia","bryophyte"
"Symphyodontaceae","Trachythecium","bryophyte"
"Taxiphyllaceae","Filibryum","bryophyte"
"Theliaceae","Fauriella","bryophyte"
"Theliaceae","Myurella","bryophyte"
"Theliaceae","Thelia","bryophyte"
"Thuidiaceae","Abietinella","bryophyte"
"Thuidiaceae","Actinothuidium","bryophyte"
"Thuidiaceae","Boulaya","bryophyte"
"Thuidiaceae","Bryonoguchia","bryophyte"
"Thuidiaceae","Echinophyllum","bryophyte"
"Thuidiaceae","Helodium","bryophyte"
"Thuidiaceae","Herpetineuron","bryophyte"
"Thuidiaceae","Indothuidium","bryophyte"
"Thuidiaceae","Inouethuidium","bryophyte"
"Thuidiaceae","Leptopterigynandrum","bryophyte"
"Thuidiaceae","Miyabea","bryophyte"
"Thuidiaceae","Orthothuidium","bryophyte"
"Thuidiaceae","Pelekium","bryophyte"
"Thuidiaceae","Rauiella","bryophyte"
"Thuidiaceae","Thuidiopsis","bryophyte"
"Thuidiaceae","Thuidium","bryophyte"
"Trachylomataceae","Trachyloma","bryophyte"
"Braithwaiteaceae","Braithwaitea","bryophyte"
"Hypnodendraceae","Hypnodendron","bryophyte"
"Hypnodendraceae","Mniodendron","bryophyte"
"Pterobryellaceae","Pterobryella","bryophyte"
"Pterobryellaceae","Sciadocladus","bryophyte"
"Racopilaceae","Powellia","bryophyte"
"Racopilaceae","Powelliopsis","bryophyte"
"Racopilaceae","Racopilum","bryophyte"
"Racopilaceae","Timokoponenia","bryophyte"
"Spiridentaceae","Dendro-hypnum","bryophyte"
"Spiridentaceae","Touwiodendron","bryophyte"
"Hypopterygiaceae","Arbusculohypopterygium","bryophyte"
"Hypopterygiaceae","Canalohypopterygium","bryophyte"
"Hypopterygiaceae","Catharomnion","bryophyte"
"Hypopterygiaceae","Cyathophorum","bryophyte"
"Hypopterygiaceae","Dendrocyathophorum","bryophyte"
"Hypopterygiaceae","Dendrohypopterygium","bryophyte"
"Hypopterygiaceae","Hypopterygium","bryophyte"
"Hypopterygiaceae","Lopidium","bryophyte"
"Cyrtopodaceae","Bescherellia","bryophyte"
"Cyrtopodaceae","Cyrtopus","bryophyte"
"Lepyrodontaceae","Lepyrodon","bryophyte"
"Phyllogoniaceae","Phyllogonium","bryophyte"
"Prionodontaceae","Prionodon","bryophyte"
"Ptychomniaceae","Cladomnion","bryophyte"
"Ptychomniaceae","Cladomniopsis","bryophyte"
"Ptychomniaceae","Dichelodontium","bryophyte"
"Ptychomniaceae","Euptychium","bryophyte"
"Ptychomniaceae","Glyphothecium","bryophyte"
"Ptychomniaceae","Hampeella","bryophyte"
"Ptychomniaceae","Ombronesus","bryophyte"
"Ptychomniaceae","Ptychomniella","bryophyte"
"Ptychomniaceae","Ptychomnion","bryophyte"
"Ptychomniaceae","Tetraphidopsis","bryophyte"
"Regmatodontaceae","Regmatodon","bryophyte"
"Rutenbergiaceae","Rutenbergia","bryophyte"
"Trachypodaceae","Bryowijkia","bryophyte"
"Trachypodaceae","Diaphanodon","bryophyte"
"Trachypodaceae","Pseudospiridentopsis","bryophyte"
"Trachypodaceae","Pseudotrachypus","bryophyte"
"Trachypodaceae","Trachypodopsis","bryophyte"
"Trachypodaceae","Trachypus","bryophyte"
"Wardiaceae","Wardia","bryophyte"
"Erpodiaceae","Aulacopilum","bryophyte"
"Erpodiaceae","Erpodium","bryophyte"
"Erpodiaceae","Venturiella","bryophyte"
"Helicophyllaceae","Helicophyllum","bryophyte"
"Orthotrichaceae","Amphoridium","bryophyte"
"Orthotrichaceae","Atlantichella","bryophyte"
"Orthotrichaceae","Australoria","bryophyte"
"Orthotrichaceae","Cardotiella","bryophyte"
"Orthotrichaceae","Ceuthotheca","bryophyte"
"Orthotrichaceae","Codonoblepharon","bryophyte"
"Orthotrichaceae","Desmotheca","bryophyte"
"Orthotrichaceae","Drummondia","bryophyte"
"Orthotrichaceae","Florschuetziella","bryophyte"
"Orthotrichaceae","Groutiella","bryophyte"
"Orthotrichaceae","Leiomitrium","bryophyte"
"Orthotrichaceae","Leratia","bryophyte"
"Orthotrichaceae","Lewinskya","bryophyte"
"Orthotrichaceae","Macrocoma","bryophyte"
"Orthotrichaceae","Macromitrium","bryophyte"
"Orthotrichaceae","Matteria","bryophyte"
"Orthotrichaceae","Nyholmiella","bryophyte"
"Orthotrichaceae","Orthotrichum","bryophyte"
"Orthotrichaceae","Pentastichella","bryophyte"
"Orthotrichaceae","Plenogemma","bryophyte"
"Orthotrichaceae","Pulvigera","bryophyte"
"Orthotrichaceae","Rehubryum","bryophyte"
"Orthotrichaceae","Schlotheimia","bryophyte"
"Orthotrichaceae","Sehnemobryum","bryophyte"
"Orthotrichaceae","Stoneobryum","bryophyte"
"Orthotrichaceae","Uleastrum","bryophyte"
"Orthotrichaceae","Ulota","bryophyte"
"Orthotrichaceae","Zygodon","bryophyte"
"Rhachitheciaceae","Hypnodontopsis","bryophyte"
"Rhachitheciaceae","Rhachithecium","bryophyte"
"Pleurophascaceae","Pleurophascum","bryophyte"
"Pottiaceae","Acaulon","bryophyte"
"Pottiaceae","Acaulonopsis","bryophyte"
"Pottiaceae","Algaria","bryophyte"
"Pottiaceae","Aloina","bryophyte"
"Pottiaceae","Aloinella","bryophyte"
"Pottiaceae","Anacalypta","bryophyte"
"Pottiaceae","Anaschisma","bryophyte"
"Pottiaceae","Anoectangium","bryophyte"
"Pottiaceae","Aschisma","bryophyte"
"Pottiaceae","Astomum","bryophyte"
"Pottiaceae","Austrobarbula","bryophyte"
"Pottiaceae","Barbula","bryophyte"
"Pottiaceae","Barbulastrum","bryophyte"
"Pottiaceae","Bellibarbula","bryophyte"
"Pottiaceae","Bryoceuthospora","bryophyte"
"Pottiaceae","Bryoerythrophyllum","bryophyte"
"Pottiaceae","Bulbibarbula","bryophyte"
"Pottiaceae","Calymperastrum","bryophyte"
"Pottiaceae","Chenia","bryophyte"
"Pottiaceae","Chionoloma","bryophyte"
"Pottiaceae","Cinclidotus","bryophyte"
"Pottiaceae","Crossidium","bryophyte"
"Pottiaceae","Crumia","bryophyte"
"Pottiaceae","Dialytrichia","bryophyte"
"Pottiaceae","Didymodon","bryophyte"
"Pottiaceae","Dolotortula","bryophyte"
"Pottiaceae","Eobryum","bryophyte"
"Pottiaceae","Ephemerum","bryophyte"
"Pottiaceae","Erythrophyllopsis","bryophyte"
"Pottiaceae","Eucladium","bryophyte"
"Pottiaceae","Ganguleea","bryophyte"
"Pottiaceae","Geheebia","bryophyte"
"Pottiaceae","Gertrudiella","bryophyte"
"Pottiaceae","Globulinella","bryophyte"
"Pottiaceae","Guerramontesia","bryophyte"
"Pottiaceae","Gymnobarbula","bryophyte"
"Pottiaceae","Gymnostomiella","bryophyte"
"Pottiaceae","Gymnostomum","bryophyte"
"Pottiaceae","Gyroweisia","bryophyte"
"Pottiaceae","Helicobarbula","bryophyte"
"Pottiaceae","Hennediella","bryophyte"
"Pottiaceae","Hilpertia","bryophyte"
"Pottiaceae","Husnotiella","bryophyte"
"Pottiaceae","Hydrogonium","bryophyte"
"Pottiaceae","Hymenostomum","bryophyte"
"Pottiaceae","Hymenostyliella","bryophyte"
"Pottiaceae","Hymenostylium","bryophyte"
"Pottiaceae","Hyophila","bryophyte"
"Pottiaceae","Hyophiladelphus","bryophyte"
"Pottiaceae","Hypodontium","bryophyte"
"Pottiaceae","Indopottia","bryophyte"
"Pottiaceae","Leptobarbula","bryophyte"
"Pottiaceae","Leptodontiella","bryophyte"
"Pottiaceae","Leptodontium","bryophyte"
"Pottiaceae","Ludorugbya","bryophyte"
"Pottiaceae","Luisierella","bryophyte"
"Pottiaceae","Microbryum","bryophyte"
"Pottiaceae","Mironia","bryophyte"
"Pottiaceae","Molendoa","bryophyte"
"Pottiaceae","Neophoenix","bryophyte"
"Pottiaceae","Oxystegus","bryophyte"
"Pottiaceae","Ozobryum","bryophyte"
"Pottiaceae","Pachylomidium","bryophyte"
"Pottiaceae","Pachyneuropsis","bryophyte"
"Pottiaceae","Pararhexophyllum","bryophyte"
"Pottiaceae","Phascopsis","bryophyte"
"Pottiaceae","Phascum","bryophyte"
"Pottiaceae","Picobryum","bryophyte"
"Pottiaceae","Plaubelia","bryophyte"
"Pottiaceae","Pleurochaete","bryophyte"
"Pottiaceae","Pottia","bryophyte"
"Pottiaceae","Pottiopsis","bryophyte"
"Pottiaceae","Pseudocrossidium","bryophyte"
"Pottiaceae","Pterygoneurum","bryophyte"
"Pottiaceae","Reimersia","bryophyte"
"Pottiaceae","Rhamphidium","bryophyte"
"Pottiaceae","Rhexophyllum","bryophyte"
"Pottiaceae","Sagenotortula","bryophyte"
"Pottiaceae","Saitobryum","bryophyte"
"Pottiaceae","Scopelophila","bryophyte"
"Pottiaceae","Sebillea","bryophyte"
"Pottiaceae","Splachnobryum","bryophyte"
"Pottiaceae","Stegonia","bryophyte"
"Pottiaceae","Stonea","bryophyte"
"Pottiaceae","Streblotrichum","bryophyte"
"Pottiaceae","Streptocalypta","bryophyte"
"Pottiaceae","Streptopogon","bryophyte"
"Pottiaceae","Streptotrichum","bryophyte"
"Pottiaceae","Syntrichia","bryophyte"
"Pottiaceae","Syntrichiadelphus","bryophyte"
"Pottiaceae","Tetracoscinodon","bryophyte"
"Pottiaceae","Tetrapterum","bryophyte"
"Pottiaceae","Timmiella","bryophyte"
"Pottiaceae","Tortella","bryophyte"
"Pottiaceae","Tortula","bryophyte"
"Pottiaceae","Trachycarpidium","bryophyte"
"Pottiaceae","Trachyodontium","bryophyte"
"Pottiaceae","Trichostomopsis","bryophyte"
"Pottiaceae","Trichostomum","bryophyte"
"Pottiaceae","Triquetrella","bryophyte"
"Pottiaceae","Tuerckheimia","bryophyte"
"Pottiaceae","Uleobryum","bryophyte"
"Pottiaceae","Vinealobryum","bryophyte"
"Pottiaceae","Vrolijkheidia","bryophyte"
"Pottiaceae","Weisiopsis","bryophyte"
"Pottiaceae","Weissia","bryophyte"
"Pottiaceae","Weissiodicranum","bryophyte"
"Pottiaceae","Zanderella","bryophyte"
"Serpotortellaceae","Serpotortella","bryophyte"
"Ptychomniaceae","Endotrichellopsis","bryophyte"
"Ptychomniaceae","Glyphotheciopsis","bryophyte"
"Calomniaceae","Calomnion","bryophyte"
"Mitteniaceae","Mittenia","bryophyte"
"Rhizogoniaceae","Cryptopodium","bryophyte"
"Rhizogoniaceae","Goniobryum","bryophyte"
"Rhizogoniaceae","Pyrrhobryum","bryophyte"
"Rhizogoniaceae","Rhizogonium","bryophyte"
"Rhizogoniaceae","Vetiplanaxis","bryophyte"
"Spiridentaceae","Spiridens","bryophyte"
"Meesiaceae","Amblyodon","bryophyte"
"Meesiaceae","Leptobryum","bryophyte"
"Meesiaceae","Meesia","bryophyte"
"Meesiaceae","Neomeesia","bryophyte"
"Meesiaceae","Paludella","bryophyte"
"Splachnaceae","Aplodon","bryophyte"
"Splachnaceae","Brachymitrion","bryophyte"
"Splachnaceae","Eremodon","bryophyte"
"Splachnaceae","Moseniella","bryophyte"
"Splachnaceae","Splachnum","bryophyte"
"Splachnaceae","Tayloria","bryophyte"
"Splachnaceae","Tetraplodon","bryophyte"
"Splachnaceae","Voitia","bryophyte"
"Timmiaceae","Timmia","bryophyte"
"Oedipodiaceae","Oedipodium","bryophyte"
"Polytrichaceae","Alophosia","bryophyte"
"Polytrichaceae","Atrichopsis","bryophyte"
"Polytrichaceae","Atrichum","bryophyte"
"Polytrichaceae","Bartramiopsis","bryophyte"
"Polytrichaceae","Catharinea","bryophyte"
"Polytrichaceae","Dawsonia","bryophyte"
"Polytrichaceae","Delongia","bryophyte"
"Polytrichaceae","Dendroligotrichum","bryophyte"
"Polytrichaceae","Hebantia","bryophyte"
"Polytrichaceae","Itatiella","bryophyte"
"Polytrichaceae","Lyellia","bryophyte"
"Polytrichaceae","Meiotrichum","bryophyte"
"Polytrichaceae","Oligotrichum","bryophyte"
"Polytrichaceae","Pogonatum","bryophyte"
"Polytrichaceae","Polytrichadelphus","bryophyte"
"Polytrichaceae","Polytrichastrum","bryophyte"
"Polytrichaceae","Polytrichites","bryophyte"
"Polytrichaceae","Polytrichum","bryophyte"
"Polytrichaceae","Psilopilum","bryophyte"
"Polytrichaceae","Steereobryon","bryophyte"
"Ambuchananiaceae","Ambuchanania","bryophyte"
"Ambuchananiaceae","Eosphagnum","bryophyte"
"Flatbergiaceae","Flatbergium","bryophyte"
"Sphagnaceae","Sphagnum","bryophyte"
"Takakiaceae","Takakia","bryophyte"
"Tetraphidaceae","Tetraphis","bryophyte"
"Tetraphidaceae","Tetrodontium","bryophyte"
"Characeae","Aclistochara","green algae"
"Characeae","Chara","green algae"
"Characeae","Gyrogona","green algae"
"Characeae","Lamprothamnium","green algae"
"Characeae","Lychnothamnus","green algae"
"Characeae","Nitella","green algae"
"Characeae","Nitellopsis","green algae"
"Characeae","Praechara","green algae"
"Characeae","Tolypella","green algae"
"Clavatoraceae","Atopochara","green algae"
"Clavatoraceae","Clavator","green algae"
"Clavatoraceae","Echinochara","green algae"
"Clavatoraceae","Perimneste","green algae"
"Porocharaceae","Gyrogonites","green algae"
"Moellerinaceae","Moellerina","green algae"
"Sycidiaceae","Calcisphaera","green algae"
"Chlorokybaceae","Chlorokybus","green algae"
"Chaetosphaeridiaceae","Chaetosphaeridium","green algae"
"Coleochaetaceae","Coleochaete","green algae"
"Elakatotrichaceae","Elakatothrix","green algae"
"Klebsormidiaceae","Entransia","green algae"
"Klebsormidiaceae","Klebsormidium","green algae"
"Stichococcaceae","Pseudostichococcus","green algae"
"Stichococcaceae","Tritostichococcus","green algae"
"Chaetosphaeridiaceae","Diplochaete","green algae"
"Mesostigmataceae","Mesostigma","green algae"
"Closteriaceae","Closterium","green algae"
"Closteriaceae","Spinoclosterium","green algae"
"Desmidiaceae","Actinotaenium","green algae"
"Desmidiaceae","Arthrodesmus","green algae"
"Desmidiaceae","Bambusina","green algae"
"Desmidiaceae","Cosmarium","green algae"
"Desmidiaceae","Cosmocladium","green algae"
"Desmidiaceae","Desmidium","green algae"
"Desmidiaceae","Docidium","green algae"
"Desmidiaceae","Euastrum","green algae"
"Desmidiaceae","Groenbladia","green algae"
"Desmidiaceae","Haplotaenium","green algae"
"Desmidiaceae","Heimansia","green algae"
"Desmidiaceae","Hyalotheca","green algae"
"Desmidiaceae","Mateola","green algae"
"Desmidiaceae","Micrasterias","green algae"
"Desmidiaceae","Onychonema","green algae"
"Desmidiaceae","Oocardium","green algae"
"Desmidiaceae","Phymatodocis","green algae"
"Desmidiaceae","Pleurotaenium","green algae"
"Desmidiaceae","Sphaerozosma","green algae"
"Desmidiaceae","Spinocosmarium","green algae"
"Desmidiaceae","Spondylosium","green algae"
"Desmidiaceae","Staurastrum","green algae"
"Desmidiaceae","Staurodesmus","green algae"
"Desmidiaceae","Teilingia","green algae"
"Desmidiaceae","Tetmemorus","green algae"
"Desmidiaceae","Triploceras","green algae"
"Desmidiaceae","Xanthidium","green algae"
"Gonatozygaceae","Gonatozygon","green algae"
"Mesotaeniaceae","Cylindrocystis","green algae"
"Mesotaeniaceae","Mesotaenium","green algae"
"Mesotaeniaceae","Netrium","green algae"
"Mesotaeniaceae","Roya","green algae"
"Mesotaeniaceae","Spirotaenia","green algae"
"Mesotaeniaceae","Tortitaenia","green algae"
"Peniaceae","Penium","green algae"
"Zygnemataceae","Debarya","green algae"
"Zygnemataceae","Hallasia","green algae"
"Zygnemataceae","Mougeotia","green algae"
"Zygnemataceae","Mougeotiopsis","green algae"
"Zygnemataceae","Sirogonium","green algae"
"Zygnemataceae","Spirogyra","green algae"
"Zygnemataceae","Temnogyra","green algae"
"Zygnemataceae","Zygnema","green algae"
"Zygnemataceae","Zygogonium","green algae"
"Resultomonadaceae","Resultomonas","green algae"
"Chlorodendraceae","Platymonas","green algae"
"Chlorodendraceae","Scherffelia","green algae"
"Chlorodendraceae","Tetraselmis","green algae"
"Chaetopeltidaceae","Chaetopeltis","green algae"
"Chaetopeltidaceae","Dicranochaete","green algae"
"Chaetopeltidaceae","Hormotilopsis","green algae"
"Chaetopeltidaceae","Pseudulvella","green algae"
"Aphanochaetaceae","Aphanochaete","green algae"
"Aphanochaetaceae","Chaetonema","green algae"
"Chaetophoraceae","Caespitella","green algae"
"Chaetophoraceae","Chaetophora","green algae"
"Chaetophoraceae","Chaetophoropsis","green algae"
"Chaetophoraceae","Chlorotylium","green algae"
"Chaetophoraceae","Draparnaldia","green algae"
"Chaetophoraceae","Endophyton","green algae"
"Chaetophoraceae","Entocladia","green algae"
"Chaetophoraceae","Gongrosira","green algae"
"Chaetophoraceae","Helicodictyon","green algae"
"Chaetophoraceae","Pilinella","green algae"
"Chaetophoraceae","Pleurococcus","green algae"
"Chaetophoraceae","Pringsheimiella","green algae"
"Chaetophoraceae","Stigeoclonium","green algae"
"Chaetophoraceae","Syncoryne","green algae"
"Schizomeridaceae","Schizomeris","green algae"
"Actinochloridaceae","Actinochloris","green algae"
"Actinochloridaceae","Deasonia","green algae"
"Chlamydomonadaceae","Brachiomonas","green algae"
"Chlamydomonadaceae","Chlainomonas","green algae"
"Chlamydomonadaceae","Chlamydomonas","green algae"
"Chlamydomonadaceae","Chloromonas","green algae"
"Chlamydomonadaceae","Diplostauron","green algae"
"Chlamydomonadaceae","Polytoma","green algae"
"Chlamydomonadaceae","Protococcus","green algae"
"Chlamydomonadaceae","Vitreochlamys","green algae"
"Chlorochytriaceae","Chlorochytrium","green algae"
"Chlorochytriaceae","Rhodochytrium","green algae"
"Chlorococcaceae","Chlorococcum","green algae"
"Chlorococcaceae","Coccomyxa","green algae"
"Chlorococcaceae","Fasciculochloris","green algae"
"Chlorococcaceae","Nautococcus","green algae"
"Chlorococcaceae","Oophila","green algae"
"Chlorococcaceae","Spongiochloris","green algae"
"Chlorococcaceae","Tetracystis","green algae"
"Chlorosarcinaceae","Chlorosarcinopsis","green algae"
"Dunaliellaceae","Dunaliella","green algae"
"Dunaliellaceae","Hafniomonas","green algae"
"Dunaliellaceae","Spermatozopsis","green algae"
"Goniaceae","Astrephomene","green algae"
"Goniaceae","Gonium","green algae"
"Haematococcaceae","Chlorogonium","green algae"
"Haematococcaceae","Haematococcus","green algae"
"Haematococcaceae","Hyalogonium","green algae"
"Haematococcaceae","Stephanosphaera","green algae"
"Hypnomonadaceae","Sphaerellocystis","green algae"
"Palmellaceae","Palmella","green algae"
"Palmellopsidaceae","Asterococcus","green algae"
"Palmellopsidaceae","Chlamydocapsa","green algae"
"Palmellopsidaceae","Pseudotetraspora","green algae"
"Phacotaceae","Dysmorphococcus","green algae"
"Phacotaceae","Phacotus","green algae"
"Phacotaceae","Pteromonas","green algae"
"Pleurastraceae","Pleurastrum","green algae"
"Protosiphonaceae","Protosiphon","green algae"
"Scotiellocystoidaceae","Graesiella","green algae"
"Scotiellocystoidaceae","Mychonastes","green algae"
"Sphaerocystidaceae","Sphaerocystis","green algae"
"Sphaerodictyaceae","Pectodictyon","green algae"
"Spondylomoraceae","Spondylomorum","green algae"
"Tetrabaenaceae","Basichlamys","green algae"
"Tetrabaenaceae","Tetrabaena","green algae"
"Treubariaceae","Desmatractum","green algae"
"Volvocaceae","Eudorina","green algae"
"Volvocaceae","Mastigosphaera","green algae"
"Volvocaceae","Pandorina","green algae"
"Volvocaceae","Platydorina","green algae"
"Volvocaceae","Pleodorina","green algae"
"Volvocaceae","Tabris","green algae"
"Volvocaceae","Volvox","green algae"
"Volvocaceae","Volvulina","green algae"
"Asteromonadaceae","Asteromonas","green algae"
"Oedogoniaceae","Bulbochaete","green algae"
"Oedogoniaceae","Oedogonium","green algae"
"Receptaculitaceae","Calathium","green algae"
"Receptaculitaceae","Orbitulites","green algae"
"Bracteacoccaceae","Bracteacoccus","green algae"
"Bracteacoccaceae","Chromochloris","green algae"
"Characiaceae","Actidesmium","green algae"
"Characiaceae","Characium","green algae"
"Characiaceae","Korshikoviella","green algae"
"Characiaceae","Lanceola","green algae"
"Characiaceae","Pseudocharacium","green algae"
"Cylindrocapsaceae","Cylindrocapsa","green algae"
"Cylindrocapsaceae","Fusola","green algae"
"Dictyochloridaceae","Dictyochloris","green algae"
"Hydrodictyaceae","Hydrodictyon","green algae"
"Hydrodictyaceae","Lacunastrum","green algae"
"Hydrodictyaceae","Monactinus","green algae"
"Hydrodictyaceae","Parapediastrum","green algae"
"Hydrodictyaceae","Pediastrum","green algae"
"Hydrodictyaceae","Pseudopediastrum","green algae"
"Hydrodictyaceae","Sorastrum","green algae"
"Hydrodictyaceae","Stauridium","green algae"
"Hydrodictyaceae","Tetraedron","green algae"
"Microsporaceae","Flintia","green algae"
"Microsporaceae","Microspora","green algae"
"Neochloridaceae","Botryosphaerella","green algae"
"Neochloridaceae","Chlorotetraedron","green algae"
"Neochloridaceae","Golenkinia","green algae"
"Neochloridaceae","Neochloris","green algae"
"Pseudomuriellaceae","Pseudomuriella","green algae"
"Radiococcaceae","Coenochloris","green algae"
"Radiococcaceae","Neocystis","green algae"
"Radiococcaceae","Palmodictyon","green algae"
"Radiococcaceae","Planktosphaeria","green algae"
"Radiococcaceae","Radiococcus","green algae"
"Rotundellaceae","Rotundella","green algae"
"Scenedesmaceae","Acutodesmus","green algae"
"Scenedesmaceae","Coelastrella","green algae"
"Scenedesmaceae","Coelastrum","green algae"
"Scenedesmaceae","Comasiella","green algae"
"Scenedesmaceae","Coronastrum","green algae"
"Scenedesmaceae","Crucigenia","green algae"
"Scenedesmaceae","Desmodesmus","green algae"
"Scenedesmaceae","Dimorphococcus","green algae"
"Scenedesmaceae","Enallax","green algae"
"Scenedesmaceae","Hariotina","green algae"
"Scenedesmaceae","Pectinodesmus","green algae"
"Scenedesmaceae","Scenedesmus","green algae"
"Scenedesmaceae","Scotiellopsis","green algae"
"Scenedesmaceae","Tetradesmus","green algae"
"Scenedesmaceae","Tetrallantos","green algae"
"Scenedesmaceae","Tetranephris","green algae"
"Scenedesmaceae","Tetrastrum","green algae"
"Scenedesmaceae","Verrucodesmus","green algae"
"Scenedesmaceae","Westella","green algae"
"Schroederiaceae","Schroederia","green algae"
"Selenastraceae","Ankistrodesmus","green algae"
"Selenastraceae","Chlorolobion","green algae"
"Selenastraceae","Kirchneriella","green algae"
"Selenastraceae","Messastrum","green algae"
"Selenastraceae","Monoraphidium","green algae"
"Selenastraceae","Quadrigula","green algae"
"Selenastraceae","Raphidocelis","green algae"
"Selenastraceae","Selenastrum","green algae"
"Sphaeropleaceae","Ankyra","green algae"
"Sphaeropleaceae","Atractomorpha","green algae"
"Sphaeropleaceae","Radiofilum","green algae"
"Sphaeropleaceae","Sphaeroplea","green algae"
"Treubariaceae","Treubaria","green algae"
"Chlorangiellaceae","Chlorangiella","green algae"
"Chlorangiellaceae","Chlorangium","green algae"
"Chlorangiellaceae","Malleochloris","green algae"
"Gloeocystaceae","Gloeocystis","green algae"
"Palmellaceae","Urococcus","green algae"
"Palmellopsidaceae","Gloeococcus","green algae"
"Sphaerocystidaceae","Hormotila","green algae"
"Tetrasporaceae","Apiocystis","green algae"
"Tetrasporaceae","Paulschulzia","green algae"
"Tetrasporaceae","Schizochlamys","green algae"
"Tetrasporaceae","Tetraspora","green algae"
"Chlamydomonadaceae","Heterochlamydomonas","green algae"
"Chlamydomonadaceae","Lobochlamys","green algae"
"Chlamydomonadaceae","Sphaerella","green algae"
"Spondylomoraceae","Pascherina","green algae"
"Chloropicaceae","Chloropicon","green algae"
"Crustomastigaceae","Crustomastix","green algae"
"Dolichomastigaceae","Dolichomastix","green algae"
"Bathycoccaceae","Bathycoccus","green algae"
"Bathycoccaceae","Ostreococcus","green algae"
"Mamiellaceae","Mamiella","green algae"
"Mamiellaceae","Mantoniella","green algae"
"Mamiellaceae","Micromonas","green algae"
"Nephroselmidaceae","Nephroselmis","green algae"
"Palmophyllaceae","Palmophyllum","green algae"
"Palmophyllaceae","Verdigellas","green algae"
"Pedinomonadaceae","Pedinomonas","green algae"
"Picocystaceae","Picocystis","green algae"
"Chlorodendraceae","Prasinocladus","green algae"
"Halosphaeraceae","Pachysphaera","green algae"
"Pterospermataceae","Hexasterias","green algae"
"Pycnococcaceae","Pseudoscourfieldia","green algae"
"Polyblepharidaceae","Stephanoptera","green algae"
"Halosphaeraceae","Halosphaera","green algae"
"Pterospermataceae","Pterosperma","green algae"
"Pyramimonadaceae","Cymbomonas","green algae"
"Pyramimonadaceae","Pyramimonas","green algae"
"Coccomyxaceae","Choricystis","green algae"
"Coccomyxaceae","Dispora","green algae"
"Coccomyxaceae","Ourococcus","green algae"
"Coccomyxaceae","Palmogloea","green algae"
"Coccomyxaceae","Paradoxia","green algae"
"Dictyosphaeriaceae","Dictyosphaerium","green algae"
"Chlorellaceae","Acanthosphaera","green algae"
"Chlorellaceae","Actinastrum","green algae"
"Chlorellaceae","Apatococcus","green algae"
"Chlorellaceae","Auxenochlorella","green algae"
"Chlorellaceae","Chlorella","green algae"
"Chlorellaceae","Closteriopsis","green algae"
"Chlorellaceae","Dicellula","green algae"
"Chlorellaceae","Dicloster","green algae"
"Chlorellaceae","Didymogenes","green algae"
"Chlorellaceae","Edaphochlorella","green algae"
"Chlorellaceae","Hindakia","green algae"
"Chlorellaceae","Keratococcus","green algae"
"Chlorellaceae","Marvania","green algae"
"Chlorellaceae","Meyerella","green algae"
"Chlorellaceae","Micractinium","green algae"
"Chlorellaceae","Mucidosphaerium","green algae"
"Chlorellaceae","Muriella","green algae"
"Chlorellaceae","Nannochloris","green algae"
"Chlorellaceae","Parachlorella","green algae"
"Chlorellaceae","Prototheca","green algae"
"Koliellaceae","Pseudochlorella","green algae"
"Leptosiraceae","Leptosira","green algae"
"Oocystaceae","Echinocoleum","green algae"
"Oocystaceae","Eremosphaera","green algae"
"Oocystaceae","Franceia","green algae"
"Oocystaceae","Gloeotaenium","green algae"
"Oocystaceae","Lagerheimia","green algae"
"Oocystaceae","Neglectella","green algae"
"Oocystaceae","Nephrocytium","green algae"
"Oocystaceae","Oocystis","green algae"
"Oocystaceae","Tetrachlorella","green algae"
"Oocystaceae","Trochiscia","green algae"
"Oocystaceae","Willea","green algae"
"Microthamniaceae","Microthamnion","green algae"
"Oocystaceae","Ceraterias","green algae"
"Oocystaceae","Chloroidium","green algae"
"Oocystaceae","Cryocystis","green algae"
"Oocystaceae","Droopiella","green algae"
"Oocystaceae","Jaagichlorella","green algae"
"Oocystaceae","Oocystella","green algae"
"Oocystaceae","Pseudococcomyxa","green algae"
"Phyllosiphonaceae","Phyllosiphon","green algae"
"Koliellaceae","Koliella","green algae"
"Koliellaceae","Raphidonema","green algae"
"Prasiolaceae","Desmococcus","green algae"
"Prasiolaceae","Diplosphaera","green algae"
"Prasiolaceae","Hormidium","green algae"
"Prasiolaceae","Prasiola","green algae"
"Prasiolaceae","Rosenvingiella","green algae"
"Prasiolaceae","Rosenvingiellopsis","green algae"
"Prasiolaceae","Schizogonium","green algae"
"Prasiolaceae","Stichococcus","green algae"
"Botryococcaceae","Botryococcus","green algae"
"Trebouxiaceae","Asterochloris","green algae"
"Trebouxiaceae","Dictyochloropsis","green algae"
"Trebouxiaceae","Lobosphaera","green algae"
"Trebouxiaceae","Symbiochloris","green algae"
"Trebouxiaceae","Trebouxia","green algae"
"Trebouxiaceae","Watanabea","green algae"
"Anchicodiaceae","Calcipatera","green algae"
"Bryopsidaceae","Bryopsis","green algae"
"Bryopsidaceae","Pseudobryopsis","green algae"
"Caulerpaceae","Caulerpa","green algae"
"Chaetosiphonaceae","Blastophysa","green algae"
"Codiaceae","Codium","green algae"
"Codiaceae","Succodium","green algae"
"Derbesiaceae","Derbesia","green algae"
"Derbesiaceae","Pedobesia","green algae"
"Dichotomosiphonaceae","Avrainvillea","green algae"
"Dichotomosiphonaceae","Cladocephalus","green algae"
"Dichotomosiphonaceae","Dichotomosiphon","green algae"
"Halimedaceae","Halimeda","green algae"
"Halimedaceae","Rhipilia","green algae"
"Ostreobiaceae","Ostreobium","green algae"
"Pseudocodiaceae","Pseudocodium","green algae"
"Rhipiliaceae","Rhipiliopsis","green algae"
"Udoteaceae","Boodleopsis","green algae"
"Udoteaceae","Chlorodesmis","green algae"
"Udoteaceae","Flabellia","green algae"
"Udoteaceae","Penicillus","green algae"
"Udoteaceae","Rhipidosiphon","green algae"
"Udoteaceae","Rhipocephalus","green algae"
"Udoteaceae","Tydemania","green algae"
"Udoteaceae","Udotea","green algae"
"Chlorocystidaceae","Desmochloris","green algae"
"Anadyomenaceae","Anadyomene","green algae"
"Anadyomenaceae","Cystodictyon","green algae"
"Anadyomenaceae","Microdictyon","green algae"
"Boodleaceae","Boodlea","green algae"
"Boodleaceae","Cladophoropsis","green algae"
"Boodleaceae","Phyllodictyon","green algae"
"Boodleaceae","Struvea","green algae"
"Cladophoraceae","Aegagropila","green algae"
"Cladophoraceae","Chaetomorpha","green algae"
"Cladophoraceae","Cladophora","green algae"
"Cladophoraceae","Conferva","green algae"
"Cladophoraceae","Lola","green algae"
"Cladophoraceae","Lychaete","green algae"
"Cladophoraceae","Pseudorhizoclonium","green algae"
"Cladophoraceae","Rhizoclonium","green algae"
"Cladophoraceae","Spongiochrysis","green algae"
"Cladophoraceae","Willeella","green algae"
"Okellyaceae","Okellya","green algae"
"Pithophoraceae","Aegagropilopsis","green algae"
"Pithophoraceae","Basicladia","green algae"
"Pithophoraceae","Pithophora","green algae"
"Pithophoraceae","Wittrockiella","green algae"
"Siphonocladaceae","Boergesenia","green algae"
"Siphonocladaceae","Chamaedoris","green algae"
"Siphonocladaceae","Siphonocladus","green algae"
"Valoniaceae","Dictyosphaeria","green algae"
"Valoniaceae","Ernodesmis","green algae"
"Valoniaceae","Valonia","green algae"
"Valoniaceae","Valoniopsis","green algae"
"Acrosiphoniaceae","Acrosiphonia","green algae"
"Acrosiphoniaceae","Codiolum","green algae"
"Acrosiphoniaceae","Spongomorpha","green algae"
"Acrosiphoniaceae","Urospora","green algae"
"Dasycladaceae","Atractyliopsis","green algae"
"Dasycladaceae","Batophora","green algae"
"Dasycladaceae","Bornetella","green algae"
"Dasycladaceae","Chloroclados","green algae"
"Dasycladaceae","Cylindroporella","green algae"
"Dasycladaceae","Cymopolia","green algae"
"Dasycladaceae","Dasycladus","green algae"
"Dasycladaceae","Endoina","green algae"
"Dasycladaceae","Macroporella","green algae"
"Dasycladaceae","Mizzia","green algae"
"Dasycladaceae","Neomeris","green algae"
"Dasycladaceae","Pseudogyroporella","green algae"
"Dasycladaceae","Pseudovermiporella","green algae"
"Dasycladaceae","Stolleyella","green algae"
"Diploporaceae","Diplopora","green algae"
"Polyphysaceae","Acetabularia","green algae"
"Polyphysaceae","Chalmasia","green algae"
"Polyphysaceae","Parvocaulis","green algae"
"Receptaculitidae","Receptaculites","green algae"
"Triploporellaceae","Gyroporella","green algae"
"Oltmannsiellopsidaceae","Halochlorococcum","green algae"
"Scotinosphaeraceae","Kentrosphaera","green algae"
"Scotinosphaeraceae","Scotinosphaera","green algae"
"Valoniaceae","Petrosiphon","green algae"
"Trentepohliaceae","Cephaleuros","green algae"
"Trentepohliaceae","Phycopeltis","green algae"
"Trentepohliaceae","Printzina","green algae"
"Trentepohliaceae","Trentepohlia","green algae"
"Binucleariaceae","Binuclearia","green algae"
"Gomontiaceae","Collinsiella","green algae"
"Gomontiaceae","Eugomontia","green algae"
"Gomontiaceae","Gomontia","green algae"
"Monostromataceae","Monostroma","green algae"
"Monostromataceae","Protomonostroma","green algae"
"Sarcinofilaceae","Sarcinofilum","green algae"
"Ulotrichaceae","Capsosiphon","green algae"
"Ulotrichaceae","Chlorocystis","green algae"
"Ulotrichaceae","Geminella","green algae"
"Ulotrichaceae","Gloeotila","green algae"
"Ulotrichaceae","Gloeotilopsis","green algae"
"Ulotrichaceae","Pseudoneochloris","green algae"
"Ulotrichaceae","Pseudothrix","green algae"
"Ulotrichaceae","Ulothrix","green algae"
"Bolbocoleonaceae","Bolbocoleon","green algae"
"Cloniophoraceae","Cloniophora","green algae"
"Ctenocladaceae","Ctenocladus","green algae"
"Gayraliaceae","Gayralia","green algae"
"Kornmanniaceae","Blidingia","green algae"
"Kornmanniaceae","Kornmannia","green algae"
"Kornmanniaceae","Neostromatella","green algae"
"Kornmanniaceae","Pseudendoclonium","green algae"
"Kornmanniaceae","Tellamia","green algae"
"Phaeophilaceae","Phaeophila","green algae"
"Ulvaceae","Chloropelta","green algae"
"Ulvaceae","Enteromorpha","green algae"
"Ulvaceae","Percursaria","green algae"
"Ulvaceae","Ruthnielsenia","green algae"
"Ulvaceae","Ulva","green algae"
"Ulvaceae","Ulvaria","green algae"
"Ulvaceae","Umbraulva","green algae"
"Ulvellaceae","Acrochaete","green algae"
"Ulvellaceae","Epicladia","green algae"
"Ulvellaceae","Ochlochaete","green algae"
"Ulvellaceae","Protoderma","green algae"
"Ulvellaceae","Pseudopringsheimia","green algae"
"Ulvellaceae","Ulvella","green algae"
"Haplomitriaceae","Haplomitrium","bryophyte"
"Treubiaceae","Apotreubia","bryophyte"
"Treubiaceae","Treubia","bryophyte"
"Allisoniaceae","Allisonia","bryophyte"
"Calyculariaceae","Calycularia","bryophyte"
"Fossombroniaceae","Austrofossombronia","bryophyte"
"Fossombroniaceae","Fossombronia","bryophyte"
"Petalophyllaceae","Petalophyllum","bryophyte"
"Petalophyllaceae","Sewardiella","bryophyte"
"Acrobolbaceae","Acrobolbus","bryophyte"
"Acrobolbaceae","Austrolophozia","bryophyte"
"Acrobolbaceae","Conoscyphus","bryophyte"
"Acrobolbaceae","Enigmella","bryophyte"
"Acrobolbaceae","Goebelobryum","bryophyte"
"Acrobolbaceae","Lethocolea","bryophyte"
"Acrobolbaceae","Saccogynidium","bryophyte"
"Adelanthaceae","Adelanthus","bryophyte"
"Adelanthaceae","Cuspidatula","bryophyte"
"Adelanthaceae","Denotarisia","bryophyte"
"Adelanthaceae","Jamesoniella","bryophyte"
"Adelanthaceae","Nothostrepta","bryophyte"
"Adelanthaceae","Protosyzygiella","bryophyte"
"Adelanthaceae","Pseudomarsupidium","bryophyte"
"Adelanthaceae","Syzygiella","bryophyte"
"Adelanthaceae","Vanaea","bryophyte"
"Adelanthaceae","Wettsteinia","bryophyte"
"Anastrophyllaceae","Anastrepta","bryophyte"
"Anastrophyllaceae","Anastrophyllum","bryophyte"
"Anastrophyllaceae","Barbilophozia","bryophyte"
"Anastrophyllaceae","Biantheridion","bryophyte"
"Anastrophyllaceae","Chandonanthus","bryophyte"
"Anastrophyllaceae","Crossocalyx","bryophyte"
"Anastrophyllaceae","Gymnocolea","bryophyte"
"Anastrophyllaceae","Hamatostrepta","bryophyte"
"Anastrophyllaceae","Isopaches","bryophyte"
"Anastrophyllaceae","Neoorthocaulis","bryophyte"
"Anastrophyllaceae","Orthocaulis","bryophyte"
"Anastrophyllaceae","Plicanthus","bryophyte"
"Anastrophyllaceae","Rudolgaea","bryophyte"
"Anastrophyllaceae","Schizophyllopsis","bryophyte"
"Anastrophyllaceae","Schljakovia","bryophyte"
"Anastrophyllaceae","Schljakovianthus","bryophyte"
"Anastrophyllaceae","Sphenolobopsis","bryophyte"
"Anastrophyllaceae","Sphenolobus","bryophyte"
"Anastrophyllaceae","Tetralophozia","bryophyte"
"Anastrophyllaceae","Vietnamiella","bryophyte"
"Anastrophyllaceae","Zantenia","bryophyte"
"Antheliaceae","Anthelia","bryophyte"
"Arnelliaceae","Arnellia","bryophyte"
"Arnelliaceae","Gongylanthus","bryophyte"
"Arnelliaceae","Southbya","bryophyte"
"Balantiopsidaceae","Acroscyphella","bryophyte"
"Balantiopsidaceae","Balantiopsis","bryophyte"
"Balantiopsidaceae","Eoisotachis","bryophyte"
"Balantiopsidaceae","Isotachis","bryophyte"
"Balantiopsidaceae","Neesioscyphus","bryophyte"
"Balantiopsidaceae","Pseudoisotachis","bryophyte"
"Balantiopsidaceae","Ruizanthus","bryophyte"
"Blepharostomataceae","Blepharostoma","bryophyte"
"Brevianthaceae","Brevianthus","bryophyte"
"Brevianthaceae","Tetracymbaliella","bryophyte"
"Calypogeiaceae","Asperifolia","bryophyte"
"Calypogeiaceae","Calypogeia","bryophyte"
"Calypogeiaceae","Cincinnulus","bryophyte"
"Calypogeiaceae","Eocalypogeia","bryophyte"
"Calypogeiaceae","Kantius","bryophyte"
"Calypogeiaceae","Metacalypogeia","bryophyte"
"Calypogeiaceae","Mizutania","bryophyte"
"Calypogeiaceae","Mnioloma","bryophyte"
"Cephaloziaceae","Alobiella","bryophyte"
"Cephaloziaceae","Cephalozia","bryophyte"
"Cephaloziaceae","Fuscocephaloziopsis","bryophyte"
"Cephaloziaceae","Haesselia","bryophyte"
"Cephaloziaceae","Nowellia","bryophyte"
"Cephaloziaceae","Odontoschisma","bryophyte"
"Cephaloziaceae","Schiffneria","bryophyte"
"Cephaloziaceae","Trabacellula","bryophyte"
"Cephaloziellaceae","Allisoniella","bryophyte"
"Cephaloziellaceae","Alobiellopsis","bryophyte"
"Cephaloziellaceae","Amphicephalozia","bryophyte"
"Cephaloziellaceae","Anastrophyllopsis","bryophyte"
"Cephaloziellaceae","Cephalojonesia","bryophyte"
"Cephaloziellaceae","Cephalomitrion","bryophyte"
"Cephaloziellaceae","Cephaloziella","bryophyte"
"Cephaloziellaceae","Cephaloziopsis","bryophyte"
"Cephaloziellaceae","Cylindrocolea","bryophyte"
"Cephaloziellaceae","Gymnocoleopsis","bryophyte"
"Cephaloziellaceae","Kymatocalyx","bryophyte"
"Cephaloziellaceae","Lophonardia","bryophyte"
"Cephaloziellaceae","Oleolophozia","bryophyte"
"Chaetophyllopsidaceae","Chaetophyllopsis","bryophyte"
"Chonecoleaceae","Chonecolea","bryophyte"
"Diettertiaceae","Diettertia","bryophyte"
"Endogemmataceae","Endogemma","bryophyte"
"Geocalycaceae","Geocalyx","bryophyte"
"Grolleaceae","Grollea","bryophyte"
"Gymnomitriaceae","Acrolophozia","bryophyte"
"Gymnomitriaceae","Cryptocoleopsis","bryophyte"
"Gymnomitriaceae","Gymnomitrion","bryophyte"
"Gymnomitriaceae","Herzogobryum","bryophyte"
"Gymnomitriaceae","Marsupella","bryophyte"
"Gymnomitriaceae","Nanomarsupella","bryophyte"
"Gymnomitriaceae","Nardia","bryophyte"
"Gymnomitriaceae","Nothogymnomitrion","bryophyte"
"Gymnomitriaceae","Paramomitrion","bryophyte"
"Gymnomitriaceae","Poeltia","bryophyte"
"Gymnomitriaceae","Prasanthus","bryophyte"
"Gymnomitriaceae","Stephaniella","bryophyte"
"Gyrothyraceae","Gyrothyra","bryophyte"
"Harpanthaceae","Harpanthus","bryophyte"
"Harpanthaceae","Protoharpanthus","bryophyte"
"Herbertaceae","Herberta","bryophyte"
"Herbertaceae","Herbertus","bryophyte"
"Herbertaceae","Schisma","bryophyte"
"Herbertaceae","Triandrophyllum","bryophyte"
"Hygrobiellaceae","Hygrobiella","bryophyte"
"Jackiellaceae","Jackiella","bryophyte"
"Jungermanniaceae","Delavayella","bryophyte"
"Jungermanniaceae","Eremonotus","bryophyte"
"Jungermanniaceae","Jungermannia","bryophyte"
"Jungermanniaceae","Jungermannites","bryophyte"
"Jungermanniaceae","Liochlaena","bryophyte"
"Jungermanniaceae","Mesoptychia","bryophyte"
"Jungermanniaceae","Rivulariella","bryophyte"
"Jungermanniaceae","Xenochila","bryophyte"
"Lepicoleaceae","Lepicolea","bryophyte"
"Lepidoziaceae","Acromastigum","bryophyte"
"Lepidoziaceae","Amazoopsis","bryophyte"
"Lepidoziaceae","Bazzania","bryophyte"
"Lepidoziaceae","Ceramanus","bryophyte"
"Lepidoziaceae","Dendrolembidium","bryophyte"
"Lepidoziaceae","Drucella","bryophyte"
"Lepidoziaceae","Hyalolepidozia","bryophyte"
"Lepidoziaceae","Hygrolembidium","bryophyte"
"Lepidoziaceae","Isolembidium","bryophyte"
"Lepidoziaceae","Kurzia","bryophyte"
"Lepidoziaceae","Lembidium","bryophyte"
"Lepidoziaceae","Lepidozia","bryophyte"
"Lepidoziaceae","Mastigobryum","bryophyte"
"Lepidoziaceae","Mastigopelma","bryophyte"
"Lepidoziaceae","Megalembidium","bryophyte"
"Lepidoziaceae","Meinungeria","bryophyte"
"Lepidoziaceae","Micropterygium","bryophyte"
"Lepidoziaceae","Monodactylopsis","bryophyte"
"Lepidoziaceae","Mytilopsis","bryophyte"
"Lepidoziaceae","Neogrollea","bryophyte"
"Lepidoziaceae","Neolepidozia","bryophyte"
"Lepidoziaceae","Odontoseries","bryophyte"
"Lepidoziaceae","Paracromastigum","bryophyte"
"Lepidoziaceae","Protocephalozia","bryophyte"
"Lepidoziaceae","Pseudocephalozia","bryophyte"
"Lepidoziaceae","Psiloclada","bryophyte"
"Lepidoziaceae","Pteropsiella","bryophyte"
"Lepidoziaceae","Telaranea","bryophyte"
"Lepidoziaceae","Tricholepidozia","bryophyte"
"Lepidoziaceae","Zoopsidella","bryophyte"
"Lepidoziaceae","Zoopsis","bryophyte"
"Lophocoleaceae","Bragginsella","bryophyte"
"Lophocoleaceae","Chiloscyphus","bryophyte"
"Lophocoleaceae","Clasmatocolea","bryophyte"
"Lophocoleaceae","Cryptolophocolea","bryophyte"
"Lophocoleaceae","Deceptifrons","bryophyte"
"Lophocoleaceae","Evansianthus","bryophyte"
"Lophocoleaceae","Hepatostolonophora","bryophyte"
"Lophocoleaceae","Heteroscyphus","bryophyte"
"Lophocoleaceae","Lamellocolea","bryophyte"
"Lophocoleaceae","Leptophyllopsis","bryophyte"
"Lophocoleaceae","Leptoscyphopsis","bryophyte"
"Lophocoleaceae","Leptoscyphus","bryophyte"
"Lophocoleaceae","Lophocolea","bryophyte"
"Lophocoleaceae","Otoscyphus","bryophyte"
"Lophocoleaceae","Pachyglossa","bryophyte"
"Lophocoleaceae","Perdusenia","bryophyte"
"Lophocoleaceae","Pigafettoa","bryophyte"
"Lophocoleaceae","Platycaulis","bryophyte"
"Lophocoleaceae","Ramudaria","bryophyte"
"Lophocoleaceae","Stolonivector","bryophyte"
"Lophocoleaceae","Xenocephalozia","bryophyte"
"Lophoziaceae","Gerhildiella","bryophyte"
"Lophoziaceae","Heterogemma","bryophyte"
"Lophoziaceae","Lophozia","bryophyte"
"Lophoziaceae","Lophoziopsis","bryophyte"
"Lophoziaceae","Trilophozia","bryophyte"
"Lophoziaceae","Tritomaria","bryophyte"
"Mastigophoraceae","Dendromastigophora","bryophyte"
"Mastigophoraceae","Mastigophora","bryophyte"
"Myliaceae","Mylia","bryophyte"
"Notoscyphaceae","Notoscyphus","bryophyte"
"Obtusifoliaceae","Konstantinovia","bryophyte"
"Phycolepidoziaceae","Phycolepidozia","bryophyte"
"Plagiochilaceae","Chiastocaulon","bryophyte"
"Plagiochilaceae","Cryptoplagiochila","bryophyte"
"Plagiochilaceae","Dinckleria","bryophyte"
"Plagiochilaceae","Pedinophyllopsis","bryophyte"
"Plagiochilaceae","Pedinophyllum","bryophyte"
"Plagiochilaceae","Plagiochila","bryophyte"
"Plagiochilaceae","Plagiochilidium","bryophyte"
"Plagiochilaceae","Pseudolophocolea","bryophyte"
"Pseudolepicoleaceae","Archeophylla","bryophyte"
"Pseudolepicoleaceae","Castanoclobos","bryophyte"
"Pseudolepicoleaceae","Chaetocolea","bryophyte"
"Pseudolepicoleaceae","Herzogiaria","bryophyte"
"Pseudolepicoleaceae","Isophyllaria","bryophyte"
"Pseudolepicoleaceae","Pseudolepicolea","bryophyte"
"Pseudolepicoleaceae","Temnoma","bryophyte"
"Saccogynaceae","Saccogyna","bryophyte"
"Scapaniaceae","Andrewsianthus","bryophyte"
"Scapaniaceae","Blepharidophyllum","bryophyte"
"Scapaniaceae","Clandarium","bryophyte"
"Scapaniaceae","Diplophyllum","bryophyte"
"Scapaniaceae","Douinia","bryophyte"
"Scapaniaceae","Gottschelia","bryophyte"
"Scapaniaceae","Hattoria","bryophyte"
"Scapaniaceae","Macrodiplophyllum","bryophyte"
"Scapaniaceae","Obtusifolium","bryophyte"
"Scapaniaceae","Protochilopsis","bryophyte"
"Scapaniaceae","Protolophozia","bryophyte"
"Scapaniaceae","Pseudotritomaria","bryophyte"
"Scapaniaceae","Saccobasis","bryophyte"
"Scapaniaceae","Scapania","bryophyte"
"Scapaniaceae","Schistochilopsis","bryophyte"
"Schistochilaceae","Schistochila","bryophyte"
"Solenostomataceae","Arctoscyphus","bryophyte"
"Solenostomataceae","Cryptocolea","bryophyte"
"Solenostomataceae","Diplocolea","bryophyte"
"Solenostomataceae","Plectocolea","bryophyte"
"Solenostomataceae","Solenostoma","bryophyte"
"Stephaniellaceae","Stephaniellidium","bryophyte"
"Trichocoleaceae","Eotrichocolea","bryophyte"
"Trichocoleaceae","Leiomitra","bryophyte"
"Trichocoleaceae","Trichocolea","bryophyte"
"Trichotemnomataceae","Trichotemnoma","bryophyte"
"Vetaformataceae","Vetaforma","bryophyte"
"Aneuraceae","Afroriccardia","bryophyte"
"Aneuraceae","Aneura","bryophyte"
"Aneuraceae","Lobatiriccardia","bryophyte"
"Aneuraceae","Riccardia","bryophyte"
"Aneuraceae","Riccardiothallus","bryophyte"
"Aneuraceae","Verdoornia","bryophyte"
"Makinoaceae","Makinoa","bryophyte"
"Metzgeriaceae","Metzgeria","bryophyte"
"Metzgeriaceae","Metzgeriites","bryophyte"
"Metzgeriaceae","Steereella","bryophyte"
"Metzgeriaceae","Vandiemenia","bryophyte"
"Hymenophytaceae","Hymenophyton","bryophyte"
"Moerckiaceae","Moerckia","bryophyte"
"Pallaviciniaceae","Greeneothallus","bryophyte"
"Pallaviciniaceae","Hattorianthus","bryophyte"
"Pallaviciniaceae","Jensenia","bryophyte"
"Pallaviciniaceae","Pallavicinia","bryophyte"
"Pallaviciniaceae","Podomitrium","bryophyte"
"Pallaviciniaceae","Prionothallus","bryophyte"
"Pallaviciniaceae","Seppeltia","bryophyte"
"Pallaviciniaceae","Symphyogyna","bryophyte"
"Pallaviciniaceae","Symphyogynopsis","bryophyte"
"Pallaviciniaceae","Xenothallus","bryophyte"
"Phyllothalliaceae","Phyllothallia","bryophyte"
"Pseudomoerckiaceae","Pseudomoerckia","bryophyte"
"Sandeothallaceae","Sandeothallus","bryophyte"
"Pelliaceae","Apopellia","bryophyte"
"Pelliaceae","Noteroclada","bryophyte"
"Pelliaceae","Pellia","bryophyte"
"Pleuroziaceae","Pleurozia","bryophyte"
"Frullaniaceae","Frullania","bryophyte"
"Frullaniaceae","Kaolakia","bryophyte"
"Goebeliellaceae","Goebeliella","bryophyte"
"Jubulaceae","Jubula","bryophyte"
"Jubulaceae","Neohattoria","bryophyte"
"Jubulaceae","Nipponolejeunea","bryophyte"
"Lejeuneaceae","Acanthocoleus","bryophyte"
"Lejeuneaceae","Acrolejeunea","bryophyte"
"Lejeuneaceae","Allorgella","bryophyte"
"Lejeuneaceae","Anoplolejeunea","bryophyte"
"Lejeuneaceae","Aphanolejeunea","bryophyte"
"Lejeuneaceae","Aphanotropis","bryophyte"
"Lejeuneaceae","Archilejeunea","bryophyte"
"Lejeuneaceae","Austrolejeunea","bryophyte"
"Lejeuneaceae","Blepharolejeunea","bryophyte"
"Lejeuneaceae","Brachiolejeunea","bryophyte"
"Lejeuneaceae","Bromeliophila","bryophyte"
"Lejeuneaceae","Bryopteris","bryophyte"
"Lejeuneaceae","Calatholejeunea","bryophyte"
"Lejeuneaceae","Capillolejeunea","bryophyte"
"Lejeuneaceae","Caudalejeunea","bryophyte"
"Lejeuneaceae","Cephalantholejeunea","bryophyte"
"Lejeuneaceae","Cephalolejeunea","bryophyte"
"Lejeuneaceae","Ceratolejeunea","bryophyte"
"Lejeuneaceae","Cheilolejeunea","bryophyte"
"Lejeuneaceae","Cololejeunea","bryophyte"
"Lejeuneaceae","Colura","bryophyte"
"Lejeuneaceae","Cumulolejeunea","bryophyte"
"Lejeuneaceae","Cyclolejeunea","bryophyte"
"Lejeuneaceae","Dactylophorella","bryophyte"
"Lejeuneaceae","Dibrachiella","bryophyte"
"Lejeuneaceae","Dicranolejeunea","bryophyte"
"Lejeuneaceae","Diplasiolejeunea","bryophyte"
"Lejeuneaceae","Drepanolejeunea","bryophyte"
"Lejeuneaceae","Echinolejeunea","bryophyte"
"Lejeuneaceae","Eulejeunea","bryophyte"
"Lejeuneaceae","Frullanoides","bryophyte"
"Lejeuneaceae","Fulfordianthus","bryophyte"
"Lejeuneaceae","Gaolejeunea","bryophyte"
"Lejeuneaceae","Gradsteinianthus","bryophyte"
"Lejeuneaceae","Haplolejeunea","bryophyte"
"Lejeuneaceae","Harpalejeunea","bryophyte"
"Lejeuneaceae","Hattoriolejeunea","bryophyte"
"Lejeuneaceae","Hygrolejeunea","bryophyte"
"Lejeuneaceae","Kingiolejeunea","bryophyte"
"Lejeuneaceae","Kymatolejeunea","bryophyte"
"Lejeuneaceae","Leiolejeunea","bryophyte"
"Lejeuneaceae","Lejeunea","bryophyte"
"Lejeuneaceae","Lepidolejeunea","bryophyte"
"Lejeuneaceae","Leptocolea","bryophyte"
"Lejeuneaceae","Leptolejeunea","bryophyte"
"Lejeuneaceae","Lindigianthus","bryophyte"
"Lejeuneaceae","Lopholejeunea","bryophyte"
"Lejeuneaceae","Luteolejeunea","bryophyte"
"Lejeuneaceae","Macrocolura","bryophyte"
"Lejeuneaceae","Marchesinia","bryophyte"
"Lejeuneaceae","Mastigolejeunea","bryophyte"
"Lejeuneaceae","Metalejeunea","bryophyte"
"Lejeuneaceae","Microlejeunea","bryophyte"
"Lejeuneaceae","Mohamedia","bryophyte"
"Lejeuneaceae","Myriocoleopsis","bryophyte"
"Lejeuneaceae","Neurolejeunea","bryophyte"
"Lejeuneaceae","Odontolejeunea","bryophyte"
"Lejeuneaceae","Otigoniolejeunea","bryophyte"
"Lejeuneaceae","Otolejeunea","bryophyte"
"Lejeuneaceae","Phaeolejeunea","bryophyte"
"Lejeuneaceae","Pictolejeunea","bryophyte"
"Lejeuneaceae","Prionocolea","bryophyte"
"Lejeuneaceae","Prionolejeunea","bryophyte"
"Lejeuneaceae","Ptychanthus","bryophyte"
"Lejeuneaceae","Pycnolejeunea","bryophyte"
"Lejeuneaceae","Rectolejeunea","bryophyte"
"Lejeuneaceae","Reinerantha","bryophyte"
"Lejeuneaceae","Schiffneriolejeunea","bryophyte"
"Lejeuneaceae","Schusterolejeunea","bryophyte"
"Lejeuneaceae","Sinolejeunea","bryophyte"
"Lejeuneaceae","Siphonolejeunea","bryophyte"
"Lejeuneaceae","Soella","bryophyte"
"Lejeuneaceae","Spruceanthus","bryophyte"
"Lejeuneaceae","Stictolejeunea","bryophyte"
"Lejeuneaceae","Strepsilejeunea","bryophyte"
"Lejeuneaceae","Symbiezidium","bryophyte"
"Lejeuneaceae","Taxilejeunea","bryophyte"
"Lejeuneaceae","Thiersianthus","bryophyte"
"Lejeuneaceae","Thysananthus","bryophyte"
"Lejeuneaceae","Thysanolejeunea","bryophyte"
"Lejeuneaceae","Trachylejeunea","bryophyte"
"Lejeuneaceae","Tuyamaella","bryophyte"
"Lejeuneaceae","Tuzibeanthus","bryophyte"
"Lejeuneaceae","Verdoornianthus","bryophyte"
"Lejeuneaceae","Vitalianthus","bryophyte"
"Lejeuneaceae","Xylolejeunea","bryophyte"
"Lejeuneaceae","Yanoella","bryophyte"
"Lepidolaenaceae","Gackstroemia","bryophyte"
"Lepidolaenaceae","Lepidogyna","bryophyte"
"Lepidolaenaceae","Lepidolaena","bryophyte"
"Porellaceae","Ascidiota","bryophyte"
"Porellaceae","Madotheca","bryophyte"
"Porellaceae","Porella","bryophyte"
"Radulaceae","Hepaticites","bryophyte"
"Radulaceae","Martinellia","bryophyte"
"Radulaceae","Radula","bryophyte"
"Herzogianthaceae","Herzogianthus","bryophyte"
"Neotrichocoleaceae","Neotrichocolea","bryophyte"
"Neotrichocoleaceae","Trichocoleopsis","bryophyte"
"Ptilidiaceae","Ptilidium","bryophyte"
"Blasiaceae","Blasia","bryophyte"
"Blasiaceae","Cavicularia","bryophyte"
"Lunulariaceae","Lunularia","bryophyte"
"Aytoniaceae","Asterella","bryophyte"
"Aytoniaceae","Asterellopsis","bryophyte"
"Aytoniaceae","Cryptomitrium","bryophyte"
"Aytoniaceae","Fimbraria","bryophyte"
"Aytoniaceae","Mannia","bryophyte"
"Aytoniaceae","Plagiochasma","bryophyte"
"Aytoniaceae","Reboulia","bryophyte"
"Aytoniaceae","Reboulisporites","bryophyte"
"Cleveaceae","Athalamia","bryophyte"
"Cleveaceae","Clevea","bryophyte"
"Cleveaceae","Peltolepis","bryophyte"
"Cleveaceae","Sauteria","bryophyte"
"Conocephalaceae","Conocephalum","bryophyte"
"Conocephalaceae","Sandea","bryophyte"
"Corsiniaceae","Corsinia","bryophyte"
"Corsiniaceae","Cronisia","bryophyte"
"Dumortieraceae","Dumortiera","bryophyte"
"Exormothecaceae","Aitchisoniella","bryophyte"
"Exormothecaceae","Exormotheca","bryophyte"
"Marchantiaceae","Marchantia","bryophyte"
"Marchantiaceae","Marchantiolites","bryophyte"
"Marchantiaceae","Marchantites","bryophyte"
"Monocleaceae","Monoclea","bryophyte"
"Monosoleniaceae","Monosolenium","bryophyte"
"Oxymitraceae","Oxymitra","bryophyte"
"Ricciaceae","Riccia","bryophyte"
"Ricciaceae","Ricciocarpos","bryophyte"
"Ricciaceae","Ricciopsis","bryophyte"
"Ricciaceae","Rouseisporites","bryophyte"
"Ricciaceae","Zlivisporis","bryophyte"
"Targioniaceae","Cyathodium","bryophyte"
"Targioniaceae","Targionia","bryophyte"
"Wiesnerellaceae","Wiesnerella","bryophyte"
"Neohodgsoniaceae","Neohodgsonia","bryophyte"
"Monocarpaceae","Monocarpus","bryophyte"
"Riellaceae","Austroriella","bryophyte"
"Riellaceae","Riella","bryophyte"
"Sphaerocarpaceae","Coptospora","bryophyte"
"Sphaerocarpaceae","Geothallus","bryophyte"
"Sphaerocarpaceae","Sphaerocarpos","bryophyte"
"Bangiaceae","Bangia","red algae"
"Bangiaceae","Boreophyllum","red algae"
"Bangiaceae","Clymene","red algae"
"Bangiaceae","Conchocelis","red algae"
"Bangiaceae","Fuscifolium","red algae"
"Bangiaceae","Lysithea","red algae"
"Bangiaceae","Neoporphyra","red algae"
"Bangiaceae","Neopyropia","red algae"
"Bangiaceae","Porphyra","red algae"
"Bangiaceae","Porphyrella","red algae"
"Bangiaceae","Pyropia","red algae"
"Bangiaceae","Wildemania","red algae"
"Compsopogonaceae","Compsopogon","red algae"
"Erythrotrichiaceae","Erythrocladia","red algae"
"Erythrotrichiaceae","Erythrotrichia","red algae"
"Erythrotrichiaceae","Porphyropsis","red algae"
"Erythrotrichiaceae","Porphyrostromium","red algae"
"Erythrotrichiaceae","Pyrophyllon","red algae"
"Erythrotrichiaceae","Sahlingia","red algae"
"Erythrotrichiaceae","Smithora","red algae"
"Erythrotrichiaceae","Erythropeltis","red algae"
"Erythrotrichiaceae","Membranella","red algae"
"Rhodochaetaceae","Rhodochaete","red algae"
"Cyanidiaceae","Cyanidium","red algae"
"Cyanidiaceae","Galdieria","red algae"
"Acrochaetiaceae","Acrochaetium","red algae"
"Acrochaetiaceae","Grania","red algae"
"Acrochaetiaceae","Kylinia","red algae"
"Audouinellaceae","Audouinella","red algae"
"Rhodochortonaceae","Rhodochorton","red algae"
"Rhodochortonaceae","Rhododrewia","red algae"
"Acrosymphytaceae","Acrosymphyton","red algae"
"Schimmelmanniaceae","Schimmelmannia","red algae"
"Ahnfeltiaceae","Ahnfeltia","red algae"
"Atractophoraceae","Rhododiscus","red algae"
"Balliaceae","Ballia","red algae"
"Batrachospermaceae","Batrachospermum","red algae"
"Batrachospermaceae","Kumanoa","red algae"
"Batrachospermaceae","Paludicola","red algae"
"Batrachospermaceae","Sheathia","red algae"
"Batrachospermaceae","Sirodotia","red algae"
"Batrachospermaceae","Torularia","red algae"
"Batrachospermaceae","Tuomeya","red algae"
"Batrachospermaceae","Virescentia","red algae"
"Batrachospermaceae","Visia","red algae"
"Lemaneaceae","Chantransia","red algae"
"Lemaneaceae","Lemanea","red algae"
"Lemaneaceae","Paralemanea","red algae"
"Bonnemaisoniaceae","Asparagopsis","red algae"
"Bonnemaisoniaceae","Bonnemaisonia","red algae"
"Bonnemaisoniaceae","Delisea","red algae"
"Bonnemaisoniaceae","Pleuroblepharis","red algae"
"Bonnemaisoniaceae","Ptilonia","red algae"
"Naccariaceae","Atractophora","red algae"
"Naccariaceae","Reticulocaulis","red algae"
"Callithamniaceae","Aglaothamnion","red algae"
"Callithamniaceae","Callithamnion","red algae"
"Callithamniaceae","Crouania","red algae"
"Callithamniaceae","Crouanophycus","red algae"
"Callithamniaceae","Gaillona","red algae"
"Callithamniaceae","Gymnothamnion","red algae"
"Callithamniaceae","Ptilocladia","red algae"
"Callithamniaceae","Seirospora","red algae"
"Callithamniaceae","Spyridia","red algae"
"Ceramiaceae","Acrothamnion","red algae"
"Ceramiaceae","Antithamnion","red algae"
"Ceramiaceae","Antithamnionella","red algae"
"Ceramiaceae","Balliella","red algae"
"Ceramiaceae","Callithamniella","red algae"
"Ceramiaceae","Campylaephora","red algae"
"Ceramiaceae","Centroceras","red algae"
"Ceramiaceae","Centrocerocolax","red algae"
"Ceramiaceae","Ceramium","red algae"
"Ceramiaceae","Corallophila","red algae"
"Ceramiaceae","Dohrniella","red algae"
"Ceramiaceae","Gayliella","red algae"
"Ceramiaceae","Herpochondria","red algae"
"Ceramiaceae","Hollenbergia","red algae"
"Ceramiaceae","Microcladia","red algae"
"Ceramiaceae","Platythamnion","red algae"
"Ceramiaceae","Pseudoceramium","red algae"
"Ceramiaceae","Pterothamnion","red algae"
"Ceramiaceae","Ptilothamniopsis","red algae"
"Ceramiaceae","Scagelia","red algae"
"Ceramiaceae","Scagelothamnion","red algae"
"Ceramiaceae","Stirkia","red algae"
"Ceramiaceae","Yoneshiguea","red algae"
"Dasyaceae","Colacodasya","red algae"
"Dasyaceae","Dasyopsis","red algae"
"Dasyaceae","Pogonophorella","red algae"
"Dasyaceae","Rhodoptilum","red algae"
"Delesseriaceae","Acrosorium","red algae"
"Delesseriaceae","Anisocladella","red algae"
"Delesseriaceae","Apoglossum","red algae"
"Delesseriaceae","Arachnophyllum","red algae"
"Delesseriaceae","Asterocolax","red algae"
"Delesseriaceae","Botryoglossum","red algae"
"Delesseriaceae","Branchioglossum","red algae"
"Delesseriaceae","Calloseris","red algae"
"Delesseriaceae","Caloglossa","red algae"
"Delesseriaceae","Calonitophyllum","red algae"
"Delesseriaceae","Claudea","red algae"
"Delesseriaceae","Cottoniella","red algae"
"Delesseriaceae","Cryptopleura","red algae"
"Delesseriaceae","Cumathamnion","red algae"
"Delesseriaceae","Dasya","red algae"
"Delesseriaceae","Dasysiphonia","red algae"
"Delesseriaceae","Delesseria","red algae"
"Delesseriaceae","Dictyurus","red algae"
"Delesseriaceae","Erythroglossum","red algae"
"Delesseriaceae","Eupogodon","red algae"
"Delesseriaceae","Frikkiella","red algae"
"Delesseriaceae","Gonimophyllum","red algae"
"Delesseriaceae","Grinnellia","red algae"
"Delesseriaceae","Halydictyon","red algae"
"Delesseriaceae","Heterosiphonia","red algae"
"Delesseriaceae","Holmesia","red algae"
"Delesseriaceae","Hymenena","red algae"
"Delesseriaceae","Hypoglossum","red algae"
"Delesseriaceae","Hypophyllum","red algae"
"Delesseriaceae","Laingia","red algae"
"Delesseriaceae","Martensia","red algae"
"Delesseriaceae","Membranoptera","red algae"
"Delesseriaceae","Myriogramme","red algae"
"Delesseriaceae","Neoharaldiophyllum","red algae"
"Delesseriaceae","Nienburgia","red algae"
"Delesseriaceae","Nitophyllum","red algae"
"Delesseriaceae","Pantoneura","red algae"
"Delesseriaceae","Phycodrina","red algae"
"Delesseriaceae","Phycodrys","red algae"
"Delesseriaceae","Platysiphonia","red algae"
"Delesseriaceae","Polyneura","red algae"
"Delesseriaceae","Polyneurella","red algae"
"Delesseriaceae","Polyneuropsis","red algae"
"Delesseriaceae","Schizoseris","red algae"
"Delesseriaceae","Sorella","red algae"
"Delesseriaceae","Taenioma","red algae"
"Delesseriaceae","Thuretia","red algae"
"Delesseriaceae","Tokidadendron","red algae"
"Delesseriaceae","Vanvoorstia","red algae"
"Delesseriaceae","Yendonia","red algae"
"Delesseriaceae","Zinovaea","red algae"
"Rhodomelaceae","Acanthophora","red algae"
"Rhodomelaceae","Acanthosiphonia","red algae"
"Rhodomelaceae","Alsidium","red algae"
"Rhodomelaceae","Amansia","red algae"
"Rhodomelaceae","Amplisiphonia","red algae"
"Rhodomelaceae","Bostrychia","red algae"
"Rhodomelaceae","Bosworthia","red algae"
"Rhodomelaceae","Bryocladia","red algae"
"Rhodomelaceae","Carradoriella","red algae"
"Rhodomelaceae","Chondria","red algae"
"Rhodomelaceae","Chondrophycus","red algae"
"Rhodomelaceae","Choreocolax","red algae"
"Rhodomelaceae","Cladhymenia","red algae"
"Rhodomelaceae","Dalyia","red algae"
"Rhodomelaceae","Deltalsia","red algae"
"Rhodomelaceae","Digenea","red algae"
"Rhodomelaceae","Dipterosiphonia","red algae"
"Rhodomelaceae","Ditria","red algae"
"Rhodomelaceae","Enantiocladia","red algae"
"Rhodomelaceae","Endosiphonia","red algae"
"Rhodomelaceae","Erythrocystis","red algae"
"Rhodomelaceae","Eutrichosiphonia","red algae"
"Rhodomelaceae","Exophyllum","red algae"
"Rhodomelaceae","Fimbriaria","red algae"
"Rhodomelaceae","Fucoides","red algae"
"Rhodomelaceae","Halopithys","red algae"
"Rhodomelaceae","Harveyella","red algae"
"Rhodomelaceae","Hawaiia","red algae"
"Rhodomelaceae","Herposiphonia","red algae"
"Rhodomelaceae","Heterodasya","red algae"
"Rhodomelaceae","Janczewskia","red algae"
"Rhodomelaceae","Jantinella","red algae"
"Rhodomelaceae","Laurencia","red algae"
"Rhodomelaceae","Laurenciella","red algae"
"Rhodomelaceae","Leptosiphonia","red algae"
"Rhodomelaceae","Leveillea","red algae"
"Rhodomelaceae","Levringiella","red algae"
"Rhodomelaceae","Lophocladia","red algae"
"Rhodomelaceae","Lophosiphonia","red algae"
"Rhodomelaceae","Lophurella","red algae"
"Rhodomelaceae","Melanothamnus","red algae"
"Rhodomelaceae","Meridiocolax","red algae"
"Rhodomelaceae","Metamorphe","red algae"
"Rhodomelaceae","Murrayella","red algae"
"Rhodomelaceae","Murrayellopsis","red algae"
"Rhodomelaceae","Neorhodomela","red algae"
"Rhodomelaceae","Neosiphonia","red algae"
"Rhodomelaceae","Odonthalia","red algae"
"Rhodomelaceae","Ohelopapa","red algae"
"Rhodomelaceae","Ophidocladus","red algae"
"Rhodomelaceae","Ophiocladus","red algae"
"Rhodomelaceae","Osmundaria","red algae"
"Rhodomelaceae","Osmundea","red algae"
"Rhodomelaceae","Palisada","red algae"
"Rhodomelaceae","Phaeocolax","red algae"
"Rhodomelaceae","Pollexfenia","red algae"
"Rhodomelaceae","Polysiphonia","red algae"
"Rhodomelaceae","Pterochondria","red algae"
"Rhodomelaceae","Pterosiphonia","red algae"
"Rhodomelaceae","Rhodomela","red algae"
"Rhodomelaceae","Savoiea","red algae"
"Rhodomelaceae","Spirocladia","red algae"
"Rhodomelaceae","Symphyocladia","red algae"
"Rhodomelaceae","Symphyocladiella","red algae"
"Rhodomelaceae","Tolypiocladia","red algae"
"Rhodomelaceae","Veleroa","red algae"
"Rhodomelaceae","Vertebrata","red algae"
"Rhodomelaceae","Wahpia","red algae"
"Rhodomelaceae","Waldoia","red algae"
"Rhodomelaceae","Waputikia","red algae"
"Rhodomelaceae","Womersleyella","red algae"
"Rhodomelaceae","Wrightiella","red algae"
"Rhodomelaceae","Yuzurua","red algae"
"Sarcomeniaceae","Dotyella","red algae"
"Wrangeliaceae","Anotrichium","red algae"
"Wrangeliaceae","Bornetia","red algae"
"Wrangeliaceae","Compsothamnion","red algae"
"Wrangeliaceae","Dasyptilon","red algae"
"Wrangeliaceae","Diplothamnion","red algae"
"Wrangeliaceae","Grallatoria","red algae"
"Wrangeliaceae","Griffithsia","red algae"
"Wrangeliaceae","Griffitsia","red algae"
"Wrangeliaceae","Haloplegma","red algae"
"Wrangeliaceae","Halurus","red algae"
"Wrangeliaceae","Lejolisia","red algae"
"Wrangeliaceae","Monosporus","red algae"
"Wrangeliaceae","Neoptilota","red algae"
"Wrangeliaceae","Pleonosporium","red algae"
"Wrangeliaceae","Plumaria","red algae"
"Wrangeliaceae","Ptilota","red algae"
"Wrangeliaceae","Ptilothamnion","red algae"
"Wrangeliaceae","Rhododictyon","red algae"
"Wrangeliaceae","Scagelonema","red algae"
"Wrangeliaceae","Spermothamnion","red algae"
"Wrangeliaceae","Sphondylothamnion","red algae"
"Wrangeliaceae","Spongoclonium","red algae"
"Wrangeliaceae","Tiffaniella","red algae"
"Wrangeliaceae","Wrangelia","red algae"
"Colaconemataceae","Colaconema","red algae"
"Archaeolithophyllaceae","Archaeolithophyllum","red algae"
"Corallinaceae","Arthrocardia","red algae"
"Corallinaceae","Bossiella","red algae"
"Corallinaceae","Calliarthron","red algae"
"Corallinaceae","Chamberlainium","red algae"
"Corallinaceae","Chiharaea","red algae"
"Corallinaceae","Corallina","red algae"
"Corallinaceae","Crusticorallina","red algae"
"Corallinaceae","Ellisolandia","red algae"
"Corallinaceae","Haliptylon","red algae"
"Corallinaceae","Heteroderma","red algae"
"Corallinaceae","Jania","red algae"
"Corallinaceae","Johansenia","red algae"
"Corallinaceae","Pachyarthron","red algae"
"Corallinaceae","Paleohyperamum","red algae"
"Corallinaceae","Pneophyllum","red algae"
"Corallinaceae","Pseudolithophyllum","red algae"
"Corallinaceae","Serraticardia","red algae"
"Corallinaceae","Yamadaia","red algae"
"Craticulaceae","Solenopora","red algae"
"Hydrolithaceae","Fosliella","red algae"
"Hydrolithaceae","Hydrolithon","red algae"
"Lithophyllaceae","Amphiroa","red algae"
"Lithophyllaceae","Goniolithon","red algae"
"Lithophyllaceae","Lithophyllum","red algae"
"Lithophyllaceae","Lithothamnium","red algae"
"Lithophyllaceae","Lithothrix","red algae"
"Lithophyllaceae","Tenarea","red algae"
"Lithophyllaceae","Titanoderma","red algae"
"Mastophoraceae","Lithoporella","red algae"
"Mastophoraceae","Mastophora","red algae"
"Mesophyllumaceae","Kvaleya","red algae"
"Mesophyllumaceae","Melyvonnea","red algae"
"Porolithaceae","Dawsoniolithon","red algae"
"Porolithaceae","Harveylithon","red algae"
"Porolithaceae","Porolithon","red algae"
"Spongitidaceae","Neogoniolithon","red algae"
"Spongitidaceae","Spongites","red algae"
"Sporolithaceae","Archaeolithothamnium","red algae"
"Gelidiaceae","Gelidiophycus","red algae"
"Gelidiaceae","Gelidium","red algae"
"Gelidiellaceae","Gelidiella","red algae"
"Gelidiellaceae","Millerella","red algae"
"Gelidiellaceae","Parviphycus","red algae"
"Pterocladiaceae","Pterocladia","red algae"
"Pterocladiaceae","Pterocladiella","red algae"
"Areschougiaceae","Reticulobotrys","red algae"
"Blinksiaceae","Blinksia","red algae"
"Caulacanthaceae","Catenella","red algae"
"Caulacanthaceae","Caulacanthus","red algae"
"Chondrymeniaceae","Dissimularia","red algae"
"Crossocarpaceae","Crossocarpus","red algae"
"Cruoriaceae","Cruoria","red algae"
"Cruoriaceae","Cruoriopsis","red algae"
"Cystocloniaceae","Calliblepharis","red algae"
"Cystocloniaceae","Cystoclonium","red algae"
"Cystocloniaceae","Fimbrifolium","red algae"
"Cystocloniaceae","Hypnea","red algae"
"Cystocloniaceae","Hypneocolax","red algae"
"Cystocloniaceae","Rhodophyllis","red algae"
"Dicranemataceae","Tylotus","red algae"
"Dumontiaceae","Constantinea","red algae"
"Dumontiaceae","Cryptosiphonia","red algae"
"Dumontiaceae","Dilsea","red algae"
"Dumontiaceae","Dudresnaya","red algae"
"Dumontiaceae","Dumontia","red algae"
"Dumontiaceae","Farlowia","red algae"
"Dumontiaceae","Gibsmithia","red algae"
"Dumontiaceae","Leptocladia","red algae"
"Dumontiaceae","Neodilsea","red algae"
"Dumontiaceae","Orculifilum","red algae"
"Dumontiaceae","Pikea","red algae"
"Dumontiaceae","Thuretellopsis","red algae"
"Dumontiaceae","Waernia","red algae"
"Dumontiaceae","Weeksia","red algae"
"Endocladiaceae","Endocladia","red algae"
"Endocladiaceae","Gloiopeltis","red algae"
"Etheliaceae","Ethelia","red algae"
"Furcellariaceae","Furcellaria","red algae"
"Furcellariaceae","Halarachnion","red algae"
"Furcellariaceae","Opuntiella","red algae"
"Furcellariaceae","Peyssonneliopsis","red algae"
"Furcellariaceae","Turnerella","red algae"
"Gigartinaceae","Chondracanthus","red algae"
"Gigartinaceae","Chondrus","red algae"
"Gigartinaceae","Gigartina","red algae"
"Gigartinaceae","Iridaea","red algae"
"Gigartinaceae","Mazzaella","red algae"
"Gigartinaceae","Rhodoglossum","red algae"
"Gigartinaceae","Sarcopeltis","red algae"
"Gigartinaceae","Sarcothalia","red algae"
"Gloiosiphoniaceae","Gloiosiphonia","red algae"
"Gloiosiphoniaceae","Peleophycus","red algae"
"Gloiosiphoniaceae","Plagiospora","red algae"
"Haemeschariaceae","Haemescharia","red algae"
"Kallymeniaceae","Beringia","red algae"
"Kallymeniaceae","Callocolax","red algae"
"Kallymeniaceae","Callophyllis","red algae"
"Kallymeniaceae","Cirrulicarpus","red algae"
"Kallymeniaceae","Erythrophyllum","red algae"
"Kallymeniaceae","Euthora","red algae"
"Kallymeniaceae","Kallymenia","red algae"
"Kallymeniaceae","Meredithia","red algae"
"Kallymeniaceae","Metacallophyllis","red algae"
"Kallymeniaceae","Polycoelia","red algae"
"Kallymeniaceae","Pugetia","red algae"
"Kallymeniaceae","Rhizopogonia","red algae"
"Kallymeniaceae","Salishia","red algae"
"Kallymeniaceae","Thamnophyllis","red algae"
"Kallymeniaceae","Wendya","red algae"
"Phacelocarpaceae","Phacelocarpus","red algae"
"Phyllophoraceae","Ahnfeltiopsis","red algae"
"Phyllophoraceae","Asterfilopsis","red algae"
"Phyllophoraceae","Besa","red algae"
"Phyllophoraceae","Coccotylus","red algae"
"Phyllophoraceae","Erythrodermis","red algae"
"Phyllophoraceae","Fredericqia","red algae"
"Phyllophoraceae","Gymnogongrus","red algae"
"Phyllophoraceae","Mastocarpus","red algae"
"Phyllophoraceae","Ozophora","red algae"
"Phyllophoraceae","Petrocelis","red algae"
"Phyllophoraceae","Petroglossum","red algae"
"Phyllophoraceae","Phyllophora","red algae"
"Phyllophoraceae","Stenogramma","red algae"
"Phyllophoraceae","Stenogramme","red algae"
"Placentophoraceae","Callophycus","red algae"
"Polyidaceae","Polyides","red algae"
"Rhizophyllidaceae","Chondrococcus","red algae"
"Rhizophyllidaceae","Contarinia","red algae"
"Rhizophyllidaceae","Ochtodes","red algae"
"Rhizophyllidaceae","Portieria","red algae"
"Solieriaceae","Agardhiella","red algae"
"Solieriaceae","Betaphycus","red algae"
"Solieriaceae","Eucheuma","red algae"
"Solieriaceae","Eucheumatopsis","red algae"
"Solieriaceae","Flahaultia","red algae"
"Solieriaceae","Gardneriella","red algae"
"Solieriaceae","Kappaphycus","red algae"
"Solieriaceae","Meristotheca","red algae"
"Solieriaceae","Neoagardhiella","red algae"
"Solieriaceae","Sarcodiotheca","red algae"
"Solieriaceae","Solieria","red algae"
"Solieriaceae","Tepoztequiella","red algae"
"Solieriaceae","Wurdemannia","red algae"
"Sphaerococcaceae","Sphaerococcus","red algae"
"Gracilariaceae","Crassiphycus","red algae"
"Gracilariaceae","Curdiea","red algae"
"Gracilariaceae","Gracilaria","red algae"
"Gracilariaceae","Gracilariophila","red algae"
"Gracilariaceae","Gracilariopsis","red algae"
"Gracilariaceae","Hydropuntia","red algae"
"Gracilariaceae","Melanthalia","red algae"
"Pterocladiophilaceae","Gelidiocolax","red algae"
"Pterocladiophilaceae","Holmsella","red algae"
"Grateloupiaceae","Dermocorynus","red algae"
"Grateloupiaceae","Grateloupia","red algae"
"Grateloupiaceae","Pachymeniopsis","red algae"
"Halymeniaceae","Acrodiscus","red algae"
"Halymeniaceae","Aeodes","red algae"
"Halymeniaceae","Carpopeltis","red algae"
"Halymeniaceae","Corynomorpha","red algae"
"Halymeniaceae","Cryptonemia","red algae"
"Halymeniaceae","Epiphloea","red algae"
"Halymeniaceae","Halymenia","red algae"
"Halymeniaceae","Pachymenia","red algae"
"Halymeniaceae","Prionitis","red algae"
"Halymeniaceae","Zanardinula","red algae"
"Tsengiaceae","Tsengia","red algae"
"Hapalidiaceae","Callilithophytum","red algae"
"Hapalidiaceae","Choreonema","red algae"
"Hapalidiaceae","Clathromorphum","red algae"
"Hapalidiaceae","Leptophytum","red algae"
"Hapalidiaceae","Lithothamnion","red algae"
"Hapalidiaceae","Melobesia","red algae"
"Hapalidiaceae","Mesophyllum","red algae"
"Hapalidiaceae","Neopolyporolithon","red algae"
"Hapalidiaceae","Phymatolithon","red algae"
"Hapalidiaceae","Roseolithon","red algae"
"Hapalidiaceae","Synarthrophyton","red algae"
"Hildenbrandiaceae","Apophlaea","red algae"
"Hildenbrandiaceae","Hildenbrandia","red algae"
"Galaxauraceae","Actinotrichia","red algae"
"Galaxauraceae","Dichotomaria","red algae"
"Galaxauraceae","Galaxaura","red algae"
"Galaxauraceae","Tricleocarpa","red algae"
"Liagoraceae","Akalaphycus","red algae"
"Liagoraceae","Cumagloia","red algae"
"Liagoraceae","Dermonema","red algae"
"Liagoraceae","Dotyophycus","red algae"
"Liagoraceae","Ganonema","red algae"
"Liagoraceae","Gloiocallis","red algae"
"Liagoraceae","Helminthocladia","red algae"
"Liagoraceae","Helminthora","red algae"
"Liagoraceae","Hommersandiophycus","red algae"
"Liagoraceae","Liagora","red algae"
"Liagoraceae","Liagoropsis","red algae"
"Liagoraceae","Macrocarpus","red algae"
"Liagoraceae","Neoizziella","red algae"
"Liagoraceae","Stenopeltis","red algae"
"Liagoraceae","Titanophycus","red algae"
"Liagoraceae","Trichogloea","red algae"
"Liagoraceae","Trichogloeopsis","red algae"
"Nemaliaceae","Nemalion","red algae"
"Scinaiaceae","Pseudogloiophloea","red algae"
"Scinaiaceae","Pseudoscinaia","red algae"
"Scinaiaceae","Scinaia","red algae"
"Scinaiaceae","Whidbeyella","red algae"
"Yamadaellaceae","Yamadaella","red algae"
"Nemastomataceae","Predaea","red algae"
"Schizymeniaceae","Haematocelis","red algae"
"Schizymeniaceae","Platoma","red algae"
"Schizymeniaceae","Schizymenia","red algae"
"Schizymeniaceae","Titanophora","red algae"
"Meiodiscaceae","Kallymenicola","red algae"
"Meiodiscaceae","Meiodiscus","red algae"
"Meiodiscaceae","Rhodophysemopsis","red algae"
"Meiodiscaceae","Rubrointrusa","red algae"
"Palmariaceae","Devaleraea","red algae"
"Palmariaceae","Halosaccion","red algae"
"Palmariaceae","Palmaria","red algae"
"Rhodophysemataceae","Coriophyllum","red algae"
"Rhodophysemataceae","Rhodonematella","red algae"
"Rhodophysemataceae","Rhodophysema","red algae"
"Rhodothamniellaceae","Rhodothamniella","red algae"
"Peyssonneliaceae","Agissea","red algae"
"Peyssonneliaceae","Cruoriella","red algae"
"Peyssonneliaceae","Incendia","red algae"
"Peyssonneliaceae","Peyssonnelia","red algae"
"Peyssonneliaceae","Polystrata","red algae"
"Peyssonneliaceae","Pseudolithothamnium","red algae"
"Peyssonneliaceae","Pulvinia","red algae"
"Peyssonneliaceae","Ramicrusta","red algae"
"Peyssonneliaceae","Rhodowynnea","red algae"
"Peyssonneliaceae","Seiria","red algae"
"Plocamiaceae","Plocamiocolax","red algae"
"Plocamiaceae","Plocamium","red algae"
"Sarcodiaceae","Sarcodia","red algae"
"Sarcodiaceae","Trematocarpus","red algae"
"Rhodachlyaceae","Rhodachlya","red algae"
"Rhodogorgonaceae","Renouxia","red algae"
"Rhodogorgonaceae","Rhodogorgon","red algae"
"Champiaceae","Champia","red algae"
"Champiaceae","Chylocladia","red algae"
"Champiaceae","Coeloseira","red algae"
"Champiaceae","Coelothrix","red algae"
"Champiaceae","Dictyothamnion","red algae"
"Champiaceae","Gastroclonium","red algae"
"Champiaceae","Neogastroclonium","red algae"
"Faucheaceae","Fauchea","red algae"
"Faucheaceae","Faucheocolax","red algae"
"Faucheaceae","Gloiocladia","red algae"
"Faucheaceae","Gloioderma","red algae"
"Faucheaceae","Leptofauchea","red algae"
"Fryeellaceae","Fryeella","red algae"
"Hymenocladiaceae","Asteromenia","red algae"
"Hymenocladiaceae","Hymenocladia","red algae"
"Lomentariaceae","Binghamia","red algae"
"Lomentariaceae","Binghamiopsis","red algae"
"Lomentariaceae","Ceratodictyon","red algae"
"Lomentariaceae","Fushitsunagia","red algae"
"Lomentariaceae","Hooperia","red algae"
"Lomentariaceae","Lomentaria","red algae"
"Rhodymeniaceae","Agardhinula","red algae"
"Rhodymeniaceae","Botryocladia","red algae"
"Rhodymeniaceae","Chamaebotrys","red algae"
"Rhodymeniaceae","Chrysymenia","red algae"
"Rhodymeniaceae","Coelarthrum","red algae"
"Rhodymeniaceae","Cordylecladia","red algae"
"Rhodymeniaceae","Cryptarachne","red algae"
"Rhodymeniaceae","Drouetia","red algae"
"Rhodymeniaceae","Erythrocolon","red algae"
"Rhodymeniaceae","Halichrysis","red algae"
"Rhodymeniaceae","Halopeltis","red algae"
"Rhodymeniaceae","Irvinea","red algae"
"Rhodymeniaceae","Maripelta","red algae"
"Rhodymeniaceae","Rhodymenia","red algae"
"Rhodymeniaceae","Rhodymeniocolax","red algae"
"Rhodymeniaceae","Sciadophycus","red algae"
"Rhodymeniaceae","Sparlingia","red algae"
"Sebdeniaceae","Lesleigha","red algae"
"Sebdeniaceae","Sebdenia","red algae"
"Sporolithaceae","Archaeolithothamnion","red algae"
"Sporolithaceae","Sporolithon","red algae"
"Thoreaceae","Nemalionopsis","red algae"
"Thoreaceae","Thorea","red algae"
"Phragmonemataceae","Kyliniella","red algae"
"Porphyridiaceae","Chroothece","red algae"
"Porphyridiaceae","Flintiella","red algae"
"Porphyridiaceae","Porphyridium","red algae"
"Dixoniellaceae","Bulboplastis","red algae"
"Dixoniellaceae","Dixoniella","red algae"
"Glaucosphaeraceae","Glaucosphaera","red algae"
"Glaucosphaeraceae","Rhodella","red algae"
"Rhodellaceae","Corynoplastis","red algae"
"Phragmonemataceae","Neevea","red algae"
"Phragmonemataceae","Phragmonema","red algae"
"Stylonemataceae","Bangiopsis","red algae"
"Stylonemataceae","Chroodactylon","red algae"
"Stylonemataceae","Goniotrichopsis","red algae"
"Stylonemataceae","Goniotrichum","red algae"
"Stylonemataceae","Rhodosorus","red algae"
"Stylonemataceae","Rhodospora","red algae"
"Stylonemataceae","Stylonema","red algae"
"Thelocarpaceae","Thelocarpon","lichen"
"Parmeliaceae","Kaernefeltia","lichen"
"Leucodontaceae","Alsia","bryophyte"
"Baeomycetaceae","Anamylospora","lichen"
"Lecanoraceae","Arctopeltis","lichen"
"Thelocarpaceae","Sarcosagium","lichen"
"Calliergonaceae","Sarmenthypnum","bryophyte"
"Amblystegiaceae","Pseudocalliergon","bryophyte"
"Trypetheliaceae","Laurera","lichen"
"Catillariaceae","Solenospora","lichen"
"Parmeliaceae","Everniastrum","lichen"
"Thelenellaceae","Chromatochlamys","lichen"
"Cladoniaceae","Cladina","lichen"
"Caliciaceae","Cyphelium","lichen"
"Pottiaceae","Desmatodon","bryophyte"
"Arthrorhaphidaceae","Gongylia","lichen"
"Schaereriaceae","Hafellnera","lichen"
"Leskeaceae","Bryohaplocladium","bryophyte"
"Rhabdoweisiaceae","Kiaeria","bryophyte"
"Verrucariaceae","Lauderlindsaya","lichen"
"Stereocaulaceae","Leproloma","lichen"
"Verrucariaceae","Kohlmeyera","lichen"
"Lichinaceae","Metamelaena","lichen"
"Parmeliaceae","Neofuscelia","lichen"
"Pottiaceae","Paraleptodontium","bryophyte"
"Koerberiaceae","Vestergrenopsis","lichen"
"Parmeliaceae","Paraparmelia","lichen"
"Parmeliaceae","Rimeliella","lichen"
"Verrucariaceae","Phaeospora","lichen"
"Rhizocarpaceae","Poeltinula","lichen"
"Lichinaceae","Thelignya","lichen"
"Pylaisiaceae","Pylaisiella","bryophyte"
"Roccellaceae","Reinkella","lichen"
"Brachytheciaceae","Steerecleus","bryophyte"
"Bryaceae","Roellia","bryophyte"
